Dòng máy,Giá,Phiên bản,Tình trạng,Tinh_trang_tong_hop,Xuất xứ,Dung lượng (GB),Tình trạng pin,Pin_bucket,Chính sách bảo hành
Dòng khác,22990000.0,,Mới,Zin không trầy xước,Việt Nam,256.0,99%,97-99%,
Dòng khác,28800000.0,Quốc tế (Không khoá mạng),Đã sử dụng (chưa sửa chữa),Đã sửa chữa,Mỹ (LL/A),256.0,98%,97-99%,7-12 tháng
Dòng khác,33900000.0,Quốc tế (Không khoá mạng),Mới,Zin không trầy xước,Việt Nam,256.0,100%,100%,7-12 tháng
Dòng khác,31490000.0,,Đã sử dụng (chưa sửa chữa),Đã sửa chữa,Việt Nam,256.0,96%,95-96%,
Dòng khác,31490000.0,,Đã sử dụng (chưa sửa chữa),Đã sửa chữa,,256.0,93%,90-94%,
Dòng khác,21500000.0,,Đã sử dụng (chưa sửa chữa),Đã sửa chữa,Trung Quốc,256.0,100%,100%,4-6 tháng
Dòng khác,22000000.0,,Mới,Zin không trầy xước,Không rõ,256.0,100%,100%,
Dòng khác,16000000.0,Quốc tế (Không khoá mạng),Đã sử dụng (chưa sửa chữa),Đã sửa chữa,Việt Nam,256.0,98%,97-99%,>12 tháng
Dòng khác,22000000.0,,Đã sử dụng (chưa sửa chữa),Đã sửa chữa,,256.0,99%,97-99%,
Dòng khác,35500000.0,Quốc tế (Không khoá mạng),Đã sử dụng (chưa sửa chữa),Đã sửa chữa,Mỹ (LL/A),256.0,100%,100%,>12 tháng
Dòng khác,15900000.0,Quốc tế (Không khoá mạng),Đã sử dụng (chưa sửa chữa),Đã sửa chữa,Chính hãng VN (VNA),256.0,98%,97-99%,7-12 tháng
Dòng khác,33490000.0,,Đã sử dụng (chưa sửa chữa),Đã sửa chữa,Chính hãng VN (VNA),256.0,97%,97-99%,Còn bảo hành
Dòng khác,40000000.0,,Đã sử dụng (chưa sửa chữa),Đã sửa chữa,,1024.0,98%,97-99%,
Dòng khác,30500000.0,Quốc tế (Không khoá mạng),Đã sử dụng (chưa sửa chữa),Đã sửa chữa,Việt Nam,256.0,99%,97-99%,>12 tháng
Dòng khác,39900000.0,,Đã sử dụng (chưa sửa chữa),Đã sửa chữa,,512.0,98%,97-99%,7-12 tháng
Dòng khác,19900000.0,Quốc tế (Không khoá mạng),Đã sử dụng (chưa sửa chữa),Đã sửa chữa,Việt Nam,256.0,100%,100%,
iPhone 11,3499999.0,,Đã sử dụng (chưa sửa chữa),Đã sửa chữa,Việt Nam,64.0,92%,90-94%,
iPhone 11,4000000.0,Quốc tế (Không khoá mạng),Đã sử dụng (chưa sửa chữa),Đã sửa chữa,Chính hãng VN (VNA),128.0,84%,80-84%,
iPhone 11,2800000.0,Quốc tế (Không khoá mạng),Đã sửa chữa / thay linh kiện,Màn thay,,128.0,92%,90-94%,
iPhone 11,3500000.0,Quốc tế (Không khoá mạng),Đã sửa chữa / thay linh kiện,Đã sửa chữa,Trung Quốc,128.0,88%,85-89%,Hết bảo hành
iPhone 11,4200000.0,Quốc tế (Không khoá mạng),Đã sử dụng (chưa sửa chữa),Đã sửa chữa,Mỹ (LL/A),128.0,81%,80-84%,Còn bảo hành
iPhone 11,2000000.0,,Đã sử dụng (chưa sửa chữa),Đã sửa chữa,Mỹ (LL/A),64.0,96%,95-96%,
iPhone 11,2400000.0,Khóa mạng (Lock),Đã sử dụng (chưa sửa chữa),Đã sửa chữa,,64.0,96%,95-96%,
iPhone 11,4190000.0,Quốc tế (Không khoá mạng),Đã sử dụng (chưa sửa chữa),Đã sửa chữa,Việt Nam,128.0,70%,Dưới 80%,1 tháng
iPhone 11,2600000.0,Quốc tế (Không khoá mạng),Đã sửa chữa / thay linh kiện,Màn thay,Mỹ (LL/A),64.0,100%,100%,1 tháng
iPhone 11,3600000.0,Quốc tế (Không khoá mạng),Đã sử dụng (chưa sửa chữa),Màn thay,Mỹ (LL/A),64.0,100%,100%,1 tháng
iPhone 11,4900000.0,Quốc tế (Không khoá mạng),Đã sử dụng (chưa sửa chữa),Đã sửa chữa,Mỹ (LL/A),256.0,96%,95-96%,Hết bảo hành
iPhone 11,3850000.0,Quốc tế (Không khoá mạng),Đã sử dụng (chưa sửa chữa),Đã sửa chữa,,256.0,84%,80-84%,Còn bảo hành
iPhone 11,2990000.0,Quốc tế (Không khoá mạng),Đã sử dụng (chưa sửa chữa),Đã sửa chữa,Việt Nam,64.0,100%,100%,
iPhone 11,2350000.0,Quốc tế (Không khoá mạng),Đã sử dụng (chưa sửa chữa),Đã sửa chữa,,64.0,96%,95-96%,Hết bảo hành
iPhone 11,3999999.0,Quốc tế (Không khoá mạng),Đã sử dụng (chưa sửa chữa),Đã sửa chữa,,64.0,100%,100%,1 tháng
iPhone 11,3250000.0,Quốc tế (Không khoá mạng),Đã sử dụng (chưa sửa chữa),Pin thay,,128.0,83%,80-84%,Hết bảo hành
iPhone 11,2300000.0,Quốc tế (Không khoá mạng),Đã sử dụng (chưa sửa chữa),Đã sửa chữa,Mỹ (LL/A),64.0,96%,95-96%,Hết bảo hành
iPhone 11,4000000.0,Quốc tế (Không khoá mạng),Đã sửa chữa / thay linh kiện,"Màn thay, Pin thay",Trung Quốc,128.0,84%,80-84%,
iPhone 11,4500000.0,Quốc tế (Không khoá mạng),Đã sử dụng (chưa sửa chữa),Pin thay,,64.0,94%,90-94%,Còn bảo hành
iPhone 11,4000000.0,Quốc tế (Không khoá mạng),Đã sử dụng (chưa sửa chữa),Đã sửa chữa,Mỹ (LL/A),64.0,92%,90-94%,Hết bảo hành
iPhone 11,4500000.0,Quốc tế (Không khoá mạng),Đã sử dụng (chưa sửa chữa),Đã sửa chữa,,64.0,100%,100%,
iPhone 11,3500000.0,,Đã sửa chữa / thay linh kiện,Màn thay,,64.0,82%,80-84%,
iPhone 11,5900000.0,Quốc tế (Không khoá mạng),Đã sử dụng (chưa sửa chữa),Đã sửa chữa,Mỹ (LL/A),128.0,89%,85-89%,Hết bảo hành
iPhone 11,4900000.0,Quốc tế (Không khoá mạng),Mới,Zin không trầy xước,Mỹ (LL/A),64.0,96%,95-96%,Hết bảo hành
iPhone 11,4500000.0,Quốc tế (Không khoá mạng),Đã sử dụng (chưa sửa chữa),Đã sửa chữa,Việt Nam,64.0,95%,90-94%,Hết bảo hành
iPhone 11,4500000.0,,Đã sử dụng (chưa sửa chữa),Đã sửa chữa,,128.0,93%,90-94%,1 tháng
iPhone 11,1200000.0,,Đã sử dụng (chưa sửa chữa),Đã sửa chữa,,64.0,96%,95-96%,
iPhone 11,4500000.0,Quốc tế (Không khoá mạng),Đã sử dụng (chưa sửa chữa),Đã sửa chữa,Việt Nam,64.0,94%,90-94%,Hết bảo hành
iPhone 11,3650000.0,Quốc tế (Không khoá mạng),Đã sử dụng (chưa sửa chữa),Màn thay,,64.0,97%,95-96%,1 tháng
iPhone 11,2500000.0,Khóa mạng (Lock),Đã sử dụng (chưa sửa chữa),Pin thay,Mỹ (LL/A),64.0,96%,95-96%,
iPhone 11,2200000.0,Quốc tế (Không khoá mạng),Đã sử dụng (chưa sửa chữa),Đã sửa chữa,,64.0,96%,95-96%,
iPhone 11,3500000.0,Quốc tế (Không khoá mạng),Đã sử dụng (chưa sửa chữa),Đã sửa chữa,Mỹ (LL/A),128.0,88%,85-89%,
iPhone 11,3650000.0,,Đã sử dụng (chưa sửa chữa),Đã sửa chữa,,64.0,100%,100%,
iPhone 11,5750000.0,Quốc tế (Không khoá mạng),Đã sử dụng (chưa sửa chữa),Màn thay,,128.0,92%,90-94%,1 tháng
iPhone 11,2950000.0,Quốc tế (Không khoá mạng),Đã sử dụng (chưa sửa chữa),Màn thay,Mỹ (LL/A),64.0,100%,100%,1 tháng
iPhone 11,3900000.0,Quốc tế (Không khoá mạng),Đã sử dụng (chưa sửa chữa),Đã sửa chữa,,256.0,84%,80-84%,Còn bảo hành
iPhone 11,5490000.0,Quốc tế (Không khoá mạng),Đã sử dụng (chưa sửa chữa),Đã sửa chữa,Mỹ (LL/A),64.0,92%,90-94%,>12 tháng
iPhone 11,4990000.0,Quốc tế (Không khoá mạng),Đã sử dụng (chưa sửa chữa),Pin thay,Mỹ (LL/A),64.0,94%,90-94%,7-12 tháng
iPhone 11,4400000.0,Quốc tế (Không khoá mạng),Đã sử dụng (chưa sửa chữa),Đã sửa chữa,,64.0,94%,90-94%,
iPhone 11,4750000.0,Quốc tế (Không khoá mạng),Đã sử dụng (chưa sửa chữa),Đã sửa chữa,Việt Nam,128.0,83%,80-84%,4-6 tháng
iPhone 11,3200000.0,,Đã sử dụng (chưa sửa chữa),Màn thay,Mỹ (LL/A),128.0,83%,80-84%,Hết bảo hành
iPhone 11,4800000.0,Quốc tế (Không khoá mạng),Đã sử dụng (chưa sửa chữa),Đã sửa chữa,Nhật Bản,128.0,93%,90-94%,
iPhone 11,2800000.0,,Đã sử dụng (chưa sửa chữa),Đã sửa chữa,,128.0,92%,90-94%,
iPhone 11,3400000.0,,Đã sử dụng (chưa sửa chữa),Đã sửa chữa,Mỹ (LL/A),64.0,97%,97-99%,Hết bảo hành
iPhone 11,3500000.0,,Đã sử dụng (chưa sửa chữa),Đã sửa chữa,,128.0,88%,85-89%,
iPhone 11,4950000.0,,Đã sử dụng (chưa sửa chữa),Đã sửa chữa,Việt Nam,128.0,100%,100%,>12 tháng
iPhone 11,3500000.0,Quốc tế (Không khoá mạng),Đã sử dụng (chưa sửa chữa),Đã sửa chữa,,64.0,92%,90-94%,
iPhone 11,4200000.0,Quốc tế (Không khoá mạng),Đã sử dụng (chưa sửa chữa),Pin thay,,64.0,87%,85-89%,
iPhone 11,3990000.0,Quốc tế (Không khoá mạng),Đã sử dụng (chưa sửa chữa),Đã sửa chữa,,128.0,80%,80-84%,
iPhone 11,3200000.0,Quốc tế (Không khoá mạng),Đã sử dụng (chưa sửa chữa),Đã sửa chữa,,64.0,85%,80-84%,
iPhone 11,3100000.0,Quốc tế (Không khoá mạng),Đã sử dụng (chưa sửa chữa),Đã sửa chữa,,64.0,90%,85-89%,
iPhone 11,4850000.0,,Mới,Zin không trầy xước,Việt Nam,128.0,100%,100%,Còn bảo hành
iPhone 11,3690000.0,Quốc tế (Không khoá mạng),Đã sử dụng (chưa sửa chữa),"Màn thay, Pin thay",,64.0,94%,90-94%,Còn bảo hành
iPhone 11,3000000.0,Quốc tế (Không khoá mạng),Đã sử dụng (chưa sửa chữa),Màn thay,Mỹ (LL/A),128.0,86%,85-89%,
iPhone 11,4600000.0,Quốc tế (Không khoá mạng),Đã sử dụng (chưa sửa chữa),Pin thay,Việt Nam,64.0,94%,90-94%,3 tháng
iPhone 11,4000000.0,Quốc tế (Không khoá mạng),Đã sử dụng (chưa sửa chữa),Đã sửa chữa,Mỹ (LL/A),128.0,84%,80-84%,>12 tháng
iPhone 11,2300000.0,Quốc tế (Không khoá mạng),Đã sử dụng (chưa sửa chữa),Đã sửa chữa,,64.0,96%,95-96%,
iPhone 11,2500000.0,Quốc tế (Không khoá mạng),Đã sử dụng (chưa sửa chữa),Màn thay,Mỹ (LL/A),64.0,96%,95-96%,3 tháng
iPhone 11,3299999.0,Quốc tế (Không khoá mạng),Đã sử dụng (chưa sửa chữa),Đã sửa chữa,,64.0,80%,80-84%,Còn bảo hành
iPhone 11,3299999.0,Quốc tế (Không khoá mạng),Đã sử dụng (chưa sửa chữa),Đã sửa chữa,,64.0,80%,80-84%,Còn bảo hành
iPhone 11,3800000.0,,Đã sử dụng (chưa sửa chữa),Đã sửa chữa,,64.0,87%,85-89%,
iPhone 11,4290000.0,,Đã sử dụng (chưa sửa chữa),Đã sửa chữa,,64.0,91%,90-94%,
iPhone 11,4700000.0,Quốc tế (Không khoá mạng),Đã sử dụng (chưa sửa chữa),Đã sửa chữa,,128.0,92%,90-94%,3 tháng
iPhone 11,3600000.0,Quốc tế (Không khoá mạng),Đã sử dụng (chưa sửa chữa),Đã sửa chữa,Mỹ (LL/A),64.0,97%,95-96%,3 tháng
iPhone 11,2900000.0,Quốc tế (Không khoá mạng),Đã sử dụng (chưa sửa chữa),Đã sửa chữa,,64.0,96%,95-96%,
iPhone 11,4300000.0,Quốc tế (Không khoá mạng),Đã sử dụng (chưa sửa chữa),Màn thay,Mỹ (LL/A),64.0,91%,90-94%,2 tháng
iPhone 11,4550000.0,Quốc tế (Không khoá mạng),Đã sử dụng (chưa sửa chữa),Đã sửa chữa,,128.0,93%,90-94%,
iPhone 11,3300000.0,Quốc tế (Không khoá mạng),Đã sử dụng (chưa sửa chữa),Đã sửa chữa,Việt Nam,64.0,100%,100%,
iPhone 11,3100000.0,Quốc tế (Không khoá mạng),Đã sử dụng (chưa sửa chữa),Pin thay,,64.0,90%,85-89%,
iPhone 11,2000000.0,Quốc tế (Không khoá mạng),Đã sử dụng (chưa sửa chữa),Đã sửa chữa,,64.0,96%,95-96%,
iPhone 11,3300000.0,Khóa mạng (Lock),Đã sử dụng (chưa sửa chữa),Đã sửa chữa,Mỹ (LL/A),64.0,92%,90-94%,3 tháng
iPhone 11,3950000.0,Quốc tế (Không khoá mạng),Đã sử dụng (chưa sửa chữa),Đã sửa chữa,,128.0,84%,80-84%,Còn bảo hành
iPhone 11,4100000.0,Quốc tế (Không khoá mạng),Đã sử dụng (chưa sửa chữa),Đã sửa chữa,Mỹ (LL/A),128.0,80%,Dưới 80%,Hết bảo hành
iPhone 11,4500000.0,,Đã sử dụng (chưa sửa chữa),Đã sửa chữa,,64.0,94%,90-94%,
iPhone 11,2000000.0,,Đã sử dụng (chưa sửa chữa),Đã sửa chữa,Mỹ (LL/A),128.0,92%,90-94%,1 tháng
iPhone 11,2700000.0,Quốc tế (Không khoá mạng),Đã sử dụng (chưa sửa chữa),Đã sửa chữa,,64.0,96%,95-96%,
iPhone 11,4000000.0,Quốc tế (Không khoá mạng),Đã sử dụng (chưa sửa chữa),Pin thay,Chính hãng VN (VNA),64.0,92%,90-94%,3 tháng
iPhone 11,3200000.0,,Đã sử dụng (chưa sửa chữa),Đã sửa chữa,,64.0,85%,80-84%,
iPhone 11 Pro,5500000.0,,Đã sử dụng (chưa sửa chữa),Đã sửa chữa,,256.0,95%,95-96%,
iPhone 11 Pro,3800000.0,,Đã sử dụng (chưa sửa chữa),Đã sửa chữa,,64.0,82%,80-84%,
iPhone 11 Pro,3900000.0,Quốc tế (Không khoá mạng),Đã sử dụng (chưa sửa chữa),Đã sửa chữa,,64.0,84%,80-84%,
iPhone 11 Pro,3800000.0,Quốc tế (Không khoá mạng),Đã sử dụng (chưa sửa chữa),Pin thay,,64.0,74%,Dưới 80%,
iPhone 11 Pro,3680000.0,Quốc tế (Không khoá mạng),Đã sử dụng (chưa sửa chữa),Pin thay,,256.0,86%,85-89%,Còn bảo hành
iPhone 11 Pro,3550000.0,,Đã sử dụng (chưa sửa chữa),Đã sửa chữa,,64.0,90%,90-94%,
iPhone 11 Pro,4500000.0,Quốc tế (Không khoá mạng),Đã sử dụng (chưa sửa chữa),Pin thay,,256.0,100%,100%,
iPhone 11 Pro,2600000.0,Quốc tế (Không khoá mạng),Đã sử dụng (chưa sửa chữa),Đã sửa chữa,,64.0,91%,90-94%,
iPhone 11 Pro,5100000.0,Quốc tế (Không khoá mạng),Đã sử dụng (chưa sửa chữa),Đã sửa chữa,,256.0,100%,100%,
iPhone 11 Pro,3750000.0,Quốc tế (Không khoá mạng),Đã sử dụng (chưa sửa chữa),Đã sửa chữa,Chính hãng VN (VNA),64.0,89%,85-89%,
iPhone 11 Pro,4990000.0,Quốc tế (Không khoá mạng),Đã sử dụng (chưa sửa chữa),Đã sửa chữa,Mỹ (LL/A),64.0,92%,90-94%,Còn bảo hành
iPhone 11 Pro,4500000.0,Quốc tế (Không khoá mạng),Đã sử dụng (chưa sửa chữa),Pin thay,,256.0,95%,95-96%,
iPhone 11 Pro,3990000.0,Quốc tế (Không khoá mạng),Đã sử dụng (chưa sửa chữa),Đã sửa chữa,Mỹ (LL/A),256.0,87%,85-89%,4-6 tháng
iPhone 11 Pro,3990000.0,Quốc tế (Không khoá mạng),Đã sử dụng (chưa sửa chữa),Đã sửa chữa,,64.0,93%,90-94%,Còn bảo hành
iPhone 11 Pro,6590000.0,Quốc tế (Không khoá mạng),Đã sử dụng (chưa sửa chữa),Pin thay,Việt Nam,256.0,100%,100%,7-12 tháng
iPhone 11 Pro,4200000.0,Quốc tế (Không khoá mạng),Đã sử dụng (chưa sửa chữa),Đã sửa chữa,,64.0,77%,Dưới 80%,
iPhone 11 Pro,3500000.0,Quốc tế (Không khoá mạng),Đã sử dụng (chưa sửa chữa),Đã sửa chữa,,64.0,90%,90-94%,1 tháng
iPhone 11 Pro,3900000.0,Quốc tế (Không khoá mạng),Đã sử dụng (chưa sửa chữa),Đã sửa chữa,,64.0,84%,80-84%,
iPhone 11 Pro,5200000.0,Quốc tế (Không khoá mạng),Đã sử dụng (chưa sửa chữa),Pin thay,Mỹ (LL/A),64.0,79%,Dưới 80%,
iPhone 11 Pro,4800000.0,Quốc tế (Không khoá mạng),Đã sử dụng (chưa sửa chữa),Đã sửa chữa,,64.0,92%,90-94%,
iPhone 11 Pro,3990000.0,Quốc tế (Không khoá mạng),Đã sử dụng (chưa sửa chữa),Đã sửa chữa,,64.0,92%,90-94%,Còn bảo hành
iPhone 11 Pro,5290000.0,Quốc tế (Không khoá mạng),Đã sử dụng (chưa sửa chữa),Đã sửa chữa,Nhật Bản,256.0,92%,90-94%,Hết bảo hành
iPhone 11 Pro,3900000.0,Quốc tế (Không khoá mạng),Đã sử dụng (chưa sửa chữa),Đã sửa chữa,,64.0,84%,80-84%,
iPhone 11 Pro,2600000.0,Quốc tế (Không khoá mạng),Đã sử dụng (chưa sửa chữa),Màn thay,,64.0,90%,90-94%,
iPhone 11 Pro,4390000.0,Quốc tế (Không khoá mạng),Đã sửa chữa / thay linh kiện,"Màn thay, Pin thay",Mỹ (LL/A),256.0,92%,90-94%,1 tháng
iPhone 11 Pro,5500000.0,Quốc tế (Không khoá mạng),Đã sửa chữa / thay linh kiện,Đã sửa chữa,Nhật Bản,256.0,93%,90-94%,Hết bảo hành
iPhone 11 Pro,2987654.0,Quốc tế (Không khoá mạng),Đã sửa chữa / thay linh kiện,Đã sửa chữa,,64.0,90%,90-94%,
iPhone 11 Pro,4450000.0,,Đã sử dụng (chưa sửa chữa),Đã sửa chữa,Mỹ (LL/A),64.0,92%,90-94%,Còn bảo hành
iPhone 11 Pro,5450000.0,Quốc tế (Không khoá mạng),Đã sử dụng (chưa sửa chữa),Đã sửa chữa,Chính hãng VN (VNA),256.0,88%,85-89%,Hết bảo hành
iPhone 11 Pro,4950000.0,,Đã sử dụng (chưa sửa chữa),Đã sửa chữa,,64.0,93%,90-94%,7-12 tháng
iPhone 11 Pro Max,4500000.0,,Đã sử dụng (chưa sửa chữa),"Màn thay, Pin thay",,256.0,94%,90-94%,
iPhone 11 Pro Max,5700000.0,Quốc tế (Không khoá mạng),Đã sử dụng (chưa sửa chữa),Đã sửa chữa,Mỹ (LL/A),256.0,100%,100%,3 tháng
iPhone 11 Pro Max,3000000.0,Quốc tế (Không khoá mạng),Đã sử dụng (chưa sửa chữa),Đã sửa chữa,,64.0,85%,85-89%,Hết bảo hành
iPhone 11 Pro Max,5200000.0,Quốc tế (Không khoá mạng),Đã sử dụng (chưa sửa chữa),Đã sửa chữa,Mỹ (LL/A),64.0,94%,90-94%,Hết bảo hành
iPhone 11 Pro Max,4500000.0,Quốc tế (Không khoá mạng),Đã sử dụng (chưa sửa chữa),Màn thay,Mỹ (LL/A),256.0,94%,90-94%,
iPhone 11 Pro Max,5345678.0,Quốc tế (Không khoá mạng),Đã sử dụng (chưa sửa chữa),Đã sửa chữa,Mỹ (LL/A),256.0,93%,90-94%,Còn bảo hành
iPhone 11 Pro Max,3700000.0,Quốc tế (Không khoá mạng),Đã sử dụng (chưa sửa chữa),Màn thay,,256.0,86%,85-89%,4-6 tháng
iPhone 11 Pro Max,4750000.0,Quốc tế (Không khoá mạng),Đã sử dụng (chưa sửa chữa),Pin thay,Việt Nam,64.0,94%,90-94%,
iPhone 11 Pro Max,6800000.0,Quốc tế (Không khoá mạng),Đã sử dụng (chưa sửa chữa),Đã sửa chữa,Mỹ (LL/A),512.0,97%,95-96%,
iPhone 11 Pro Max,4500000.0,Quốc tế (Không khoá mạng),Đã sử dụng (chưa sửa chữa),"Màn thay, Pin thay",Mỹ (LL/A),64.0,95%,90-94%,
iPhone 11 Pro Max,5100000.0,Quốc tế (Không khoá mạng),Đã sử dụng (chưa sửa chữa),Pin thay,Mỹ (LL/A),256.0,96%,95-96%,
iPhone 11 Pro Max,4999999.0,Quốc tế (Không khoá mạng),Đã sử dụng (chưa sửa chữa),Đã sửa chữa,,64.0,86%,85-89%,
iPhone 11 Pro Max,7890000.0,Quốc tế (Không khoá mạng),Đã sử dụng (chưa sửa chữa),Pin thay,Mỹ (LL/A),512.0,97%,97-99%,
iPhone 11 Pro Max,6390000.0,Quốc tế (Không khoá mạng),Đã sử dụng (chưa sửa chữa),Màn thay,Mỹ (LL/A),256.0,96%,95-96%,4-6 tháng
iPhone 11 Pro Max,6250000.0,Quốc tế (Không khoá mạng),Mới,Zin không trầy xước,Mỹ (LL/A),256.0,100%,100%,1 tháng
iPhone 11 Pro Max,5455555.0,Quốc tế (Không khoá mạng),Đã sử dụng (chưa sửa chữa),Đã sửa chữa,,256.0,94%,90-94%,Còn bảo hành
iPhone 11 Pro Max,4300000.0,Quốc tế (Không khoá mạng),Đã sử dụng (chưa sửa chữa),Đã sửa chữa,,64.0,91%,90-94%,Còn bảo hành
iPhone 11 Pro Max,4500000.0,,Đã sửa chữa / thay linh kiện,Pin thay,Mỹ (LL/A),256.0,94%,90-94%,
iPhone 11 Pro Max,2600000.0,,Đã sử dụng (chưa sửa chữa),Đã sửa chữa,,64.0,91%,90-94%,
iPhone 11 Pro Max,5200000.0,Quốc tế (Không khoá mạng),Đã sử dụng (chưa sửa chữa),Đã sửa chữa,Mỹ (LL/A),64.0,100%,100%,3 tháng
iPhone 11 Pro Max,5200000.0,Quốc tế (Không khoá mạng),Đã sử dụng (chưa sửa chữa),Đã sửa chữa,Mỹ (LL/A),64.0,100%,100%,3 tháng
iPhone 11 Pro Max,4500000.0,Quốc tế (Không khoá mạng),Đã sử dụng (chưa sửa chữa),Đã sửa chữa,Mỹ (LL/A),64.0,100%,100%,
iPhone 11 Pro Max,5000000.0,Quốc tế (Không khoá mạng),Đã sử dụng (chưa sửa chữa),Đã sửa chữa,Việt Nam,64.0,94%,90-94%,>12 tháng
iPhone 11 Pro Max,4000000.0,Quốc tế (Không khoá mạng),Đã sử dụng (chưa sửa chữa),Màn thay,Việt Nam,64.0,90%,85-89%,Hết bảo hành
iPhone 11 Pro Max,3200000.0,Quốc tế (Không khoá mạng),Đã sử dụng (chưa sửa chữa),Đã sửa chữa,,64.0,85%,80-84%,
iPhone 11 Pro Max,5200000.0,Quốc tế (Không khoá mạng),Đã sử dụng (chưa sửa chữa),Đã sửa chữa,Mỹ (LL/A),256.0,96%,95-96%,Hết bảo hành
iPhone 11 Pro Max,4150000.0,Quốc tế (Không khoá mạng),Đã sử dụng (chưa sửa chữa),Màn thay,Mỹ (LL/A),256.0,87%,85-89%,4-6 tháng
iPhone 11 Pro Max,4990000.0,Quốc tế (Không khoá mạng),Đã sử dụng (chưa sửa chữa),Đã sửa chữa,Mỹ (LL/A),256.0,100%,100%,Còn bảo hành
iPhone 11 Pro Max,5200000.0,Quốc tế (Không khoá mạng),Đã sử dụng (chưa sửa chữa),Đã sửa chữa,,256.0,96%,95-96%,
iPhone 11 Pro Max,4299000.0,Quốc tế (Không khoá mạng),Đã sử dụng (chưa sửa chữa),Màn thay,,64.0,91%,90-94%,
iPhone 11 Pro Max,5100000.0,Quốc tế (Không khoá mạng),Đã sử dụng (chưa sửa chữa),Đã sửa chữa,,256.0,99%,97-99%,
iPhone 11 Pro Max,3800000.0,Quốc tế (Không khoá mạng),Đã sử dụng (chưa sửa chữa),Đã sửa chữa,,64.0,84%,80-84%,
iPhone 11 Pro Max,4250000.0,Quốc tế (Không khoá mạng),Đã sử dụng (chưa sửa chữa),Pin thay,,64.0,88%,85-89%,1 tháng
iPhone 11 Pro Max,5500000.0,,Đã sử dụng (chưa sửa chữa),Đã sửa chữa,Chính hãng VN (VNA),64.0,100%,100%,>12 tháng
iPhone 11 Pro Max,2999000.0,,Đã sử dụng (chưa sửa chữa),Đã sửa chữa,,64.0,86%,85-89%,
iPhone 11 Pro Max,4900000.0,Quốc tế (Không khoá mạng),Đã sử dụng (chưa sửa chữa),Pin thay,Mỹ (LL/A),64.0,94%,90-94%,3 tháng
iPhone 11 Pro Max,5000000.0,,Đã sử dụng (chưa sửa chữa),Đã sửa chữa,,256.0,100%,100%,
iPhone 11 Pro Max,6500000.0,Quốc tế (Không khoá mạng),Đã sử dụng (chưa sửa chữa),Đã sửa chữa,,256.0,96%,95-96%,
iPhone 11 Pro Max,2990000.0,Khóa mạng (Lock),Đã sử dụng (chưa sửa chữa),Đã sửa chữa,,256.0,86%,85-89%,
iPhone 11 Pro Max,5000000.0,Quốc tế (Không khoá mạng),Đã sử dụng (chưa sửa chữa),Màn thay,,256.0,96%,95-96%,1 tháng
iPhone 11 Pro Max,5300000.0,Quốc tế (Không khoá mạng),Đã sử dụng (chưa sửa chữa),Pin thay,Mỹ (LL/A),256.0,93%,90-94%,
iPhone 11 Pro Max,5500000.0,Quốc tế (Không khoá mạng),Đã sử dụng (chưa sửa chữa),Đã sửa chữa,,64.0,94%,90-94%,1 tháng
iPhone 11 Pro Max,4799000.0,Quốc tế (Không khoá mạng),Đã sử dụng (chưa sửa chữa),Màn thay,Chính hãng VN (VNA),64.0,94%,90-94%,Hết bảo hành
iPhone 11 Pro Max,4500000.0,Quốc tế (Không khoá mạng),Đã sử dụng (chưa sửa chữa),Đã sửa chữa,,256.0,89%,85-89%,
iPhone 11 Pro Max,4800000.0,Quốc tế (Không khoá mạng),Đã sử dụng (chưa sửa chữa),Đã sửa chữa,,256.0,95%,90-94%,
iPhone 11 Pro Max,4800000.0,Quốc tế (Không khoá mạng),Đã sửa chữa / thay linh kiện,Màn thay,Mỹ (LL/A),256.0,95%,90-94%,
iPhone 11 Pro Max,4300000.0,Quốc tế (Không khoá mạng),Đã sử dụng (chưa sửa chữa),Màn thay,,64.0,84%,80-84%,1 tháng
iPhone 11 Pro Max,3950000.0,Quốc tế (Không khoá mạng),Đã sử dụng (chưa sửa chữa),Màn thay,Mỹ (LL/A),256.0,87%,85-89%,4-6 tháng
iPhone 11 Pro Max,3490000.0,Quốc tế (Không khoá mạng),Đã sử dụng (chưa sửa chữa),Đã sửa chữa,,256.0,79%,Dưới 80%,
iPhone 11 Pro Max,8000000.0,,Đã sử dụng (chưa sửa chữa),Pin thay,,512.0,97%,95-96%,
iPhone 11 Pro Max,6500000.0,Quốc tế (Không khoá mạng),Đã sử dụng (chưa sửa chữa),Đã sửa chữa,Mỹ (LL/A),64.0,94%,90-94%,>12 tháng
iPhone 11 Pro Max,5000000.0,,Đã sử dụng (chưa sửa chữa),Đã sửa chữa,,64.0,94%,90-94%,
iPhone 11 Pro Max,7990000.0,Quốc tế (Không khoá mạng),Đã sử dụng (chưa sửa chữa),Đã sửa chữa,Mỹ (LL/A),256.0,100%,100%,7-12 tháng
iPhone 11 Pro Max,5600000.0,Quốc tế (Không khoá mạng),Đã sử dụng (chưa sửa chữa),Màn thay,,512.0,96%,95-96%,
iPhone 11 Pro Max,4800000.0,Quốc tế (Không khoá mạng),Đã sử dụng (chưa sửa chữa),Đã sửa chữa,,256.0,95%,90-94%,Còn bảo hành
iPhone 11 Pro Max,4200000.0,Quốc tế (Không khoá mạng),Đã sử dụng (chưa sửa chữa),Đã sửa chữa,Mỹ (LL/A),256.0,93%,90-94%,
iPhone 11 Pro Max,4800000.0,Quốc tế (Không khoá mạng),Đã sử dụng (chưa sửa chữa),Đã sửa chữa,Mỹ (LL/A),64.0,92%,90-94%,Hết bảo hành
iPhone 11 Pro Max,5700000.0,,Đã sử dụng (chưa sửa chữa),Đã sửa chữa,,64.0,100%,100%,3 tháng
iPhone 11 Pro Max,4300000.0,Quốc tế (Không khoá mạng),Đã sử dụng (chưa sửa chữa),Màn thay,,64.0,91%,90-94%,
iPhone 11 Pro Max,2950000.0,Quốc tế (Không khoá mạng),Đã sử dụng (chưa sửa chữa),Đã sửa chữa,Mỹ (LL/A),64.0,91%,90-94%,Hết bảo hành
iPhone 11 Pro Max,5000000.0,Quốc tế (Không khoá mạng),Đã sử dụng (chưa sửa chữa),Đã sửa chữa,Mỹ (LL/A),64.0,94%,90-94%,Hết bảo hành
iPhone 11 Pro Max,4200000.0,,Đã sửa chữa / thay linh kiện,Màn thay,Mỹ (LL/A),64.0,88%,85-89%,
iPhone 11 Pro Max,3500000.0,Khóa mạng (Lock),Đã sử dụng (chưa sửa chữa),Đã sửa chữa,Mỹ (LL/A),64.0,92%,90-94%,4-6 tháng
iPhone 11 Pro Max,3500000.0,Khóa mạng (Lock),Đã sửa chữa / thay linh kiện,Màn thay,,64.0,92%,90-94%,
iPhone 11 Pro Max,2500000.0,Quốc tế (Không khoá mạng),Mới,Zin không trầy xước,Việt Nam,128.0,90%,85-89%,>12 tháng
iPhone 11 Pro Max,3986000.0,Quốc tế (Không khoá mạng),Đã sử dụng (chưa sửa chữa),Đã sửa chữa,,256.0,87%,85-89%,
iPhone 11 Pro Max,5500000.0,,Đã sử dụng (chưa sửa chữa),Đã sửa chữa,Mỹ (LL/A),64.0,94%,90-94%,
iPhone 11 Pro Max,3600000.0,Quốc tế (Không khoá mạng),Đã sử dụng (chưa sửa chữa),Màn thay,,64.0,96%,95-96%,
iPhone 11 Pro Max,3500000.0,Quốc tế (Không khoá mạng),Đã sử dụng (chưa sửa chữa),Đã sửa chữa,Mỹ (LL/A),256.0,86%,85-89%,Hết bảo hành
iPhone 11 Pro Max,5900000.0,Quốc tế (Không khoá mạng),Đã sử dụng (chưa sửa chữa),Đã sửa chữa,,256.0,100%,100%,Hết bảo hành
iPhone 11 Pro Max,6500000.0,,Đã sử dụng (chưa sửa chữa),Pin thay,Mỹ (LL/A),64.0,95%,90-94%,3 tháng
iPhone 11 Pro Max,4000000.0,,Đã sử dụng (chưa sửa chữa),Màn thay,,64.0,90%,85-89%,
iPhone 11 Pro Max,5900000.0,Quốc tế (Không khoá mạng),Đã sửa chữa / thay linh kiện,Màn thay,Mỹ (LL/A),64.0,95%,95-96%,1 tháng
iPhone 11 Pro Max,5390000.0,Quốc tế (Không khoá mạng),Đã sử dụng (chưa sửa chữa),Đã sửa chữa,Mỹ (LL/A),256.0,94%,90-94%,
iPhone 11 Pro Max,6990000.0,Quốc tế (Không khoá mạng),Đã sửa chữa / thay linh kiện,"Màn thay, Pin thay",Mỹ (LL/A),256.0,95%,90-94%,1 tháng
iPhone 11 Pro Max,5990000.0,Quốc tế (Không khoá mạng),Đã sửa chữa / thay linh kiện,Pin thay,Mỹ (LL/A),64.0,96%,95-96%,1 tháng
iPhone 11 Pro Max,4990000.0,Quốc tế (Không khoá mạng),Đã sửa chữa / thay linh kiện,Màn thay,Mỹ (LL/A),256.0,81%,80-84%,1 tháng
iPhone 11 Pro Max,3000000.0,Quốc tế (Không khoá mạng),Đã sửa chữa / thay linh kiện,Đã sửa chữa,Mỹ (LL/A),128.0,86%,85-89%,7-12 tháng
iPhone 11 Pro Max,4490000.0,,Đã sửa chữa / thay linh kiện,Màn thay,,256.0,94%,90-94%,1 tháng
iPhone 11 Pro Max,5990000.0,Quốc tế (Không khoá mạng),Đã sửa chữa / thay linh kiện,"Màn thay, Pin thay",Mỹ (LL/A),256.0,97%,95-96%,1 tháng
iPhone 11 Pro Max,5990000.0,Quốc tế (Không khoá mạng),Đã sửa chữa / thay linh kiện,"Màn thay, Pin thay",Mỹ (LL/A),64.0,96%,95-96%,1 tháng
iPhone 11 Pro Max,3500000.0,Quốc tế (Không khoá mạng),Đã sử dụng (chưa sửa chữa),Màn thay,,64.0,100%,100%,
iPhone 11 Pro Max,5990000.0,Quốc tế (Không khoá mạng),Đã sử dụng (chưa sửa chữa),Đã sửa chữa,,64.0,96%,95-96%,3 tháng
iPhone 11 Pro Max,5490000.0,Quốc tế (Không khoá mạng),Đã sửa chữa / thay linh kiện,Màn thay,Mỹ (LL/A),64.0,96%,95-96%,1 tháng
iPhone 11 Pro Max,5790000.0,Quốc tế (Không khoá mạng),Đã sửa chữa / thay linh kiện,Màn thay,Mỹ (LL/A),256.0,85%,85-89%,1 tháng
iPhone 11 Pro Max,5300000.0,,Đã sử dụng (chưa sửa chữa),Pin thay,,64.0,78%,Dưới 80%,
iPhone 11 Pro Max,4900000.0,Quốc tế (Không khoá mạng),Đã sử dụng (chưa sửa chữa),Đã sửa chữa,Mỹ (LL/A),256.0,100%,100%,3 tháng
iPhone 11 Pro Max,3500000.0,Quốc tế (Không khoá mạng),Đã sử dụng (chưa sửa chữa),Pin thay,,64.0,92%,90-94%,
iPhone 11 Pro Max,4500000.0,,Đã sử dụng (chưa sửa chữa),Đã sửa chữa,,64.0,100%,100%,
iPhone 11 Pro Max,4500000.0,,Đã sử dụng (chưa sửa chữa),Đã sửa chữa,,64.0,95%,90-94%,
iPhone 11 Pro Max,3800000.0,Quốc tế (Không khoá mạng),Đã sử dụng (chưa sửa chữa),Đã sửa chữa,Việt Nam,64.0,84%,80-84%,
iPhone 11 Pro Max,4900000.0,Quốc tế (Không khoá mạng),Đã sử dụng (chưa sửa chữa),Đã sửa chữa,,64.0,94%,90-94%,
iPhone 11 Pro Max,4230000.0,Quốc tế (Không khoá mạng),Đã sửa chữa / thay linh kiện,Màn thay,,256.0,88%,85-89%,Hết bảo hành
iPhone 11 Pro Max,7000000.0,Quốc tế (Không khoá mạng),Đã sử dụng (chưa sửa chữa),Đã sửa chữa,,256.0,95%,90-94%,
iPhone 11 Pro Max,7000000.0,,Đã sử dụng (chưa sửa chữa),Đã sửa chữa,,256.0,84%,80-84%,Hết bảo hành
iPhone 11 Pro Max,4290000.0,Quốc tế (Không khoá mạng),Đã sử dụng (chưa sửa chữa),Đã sửa chữa,Việt Nam,64.0,90%,90-94%,
iPhone 11 Pro Max,6900000.0,,Đã sử dụng (chưa sửa chữa),Đã sửa chữa,,256.0,96%,95-96%,7-12 tháng
iPhone 11 Pro Max,7900000.0,,Đã sử dụng (chưa sửa chữa),Đã sửa chữa,,512.0,100%,100%,7-12 tháng
iPhone 11 Pro Max,5500000.0,Quốc tế (Không khoá mạng),Đã sử dụng (chưa sửa chữa),"Màn thay, Pin thay",,512.0,100%,100%,
iPhone 11 Pro Max,4900000.0,Quốc tế (Không khoá mạng),Đã sử dụng (chưa sửa chữa),Đã sửa chữa,,512.0,91%,90-94%,Còn bảo hành
iPhone 11 Pro Max,4700000.0,,Đã sử dụng (chưa sửa chữa),Đã sửa chữa,,64.0,94%,90-94%,
iPhone 11 Pro Max,3500000.0,Quốc tế (Không khoá mạng),Đã sửa chữa / thay linh kiện,Đã sửa chữa,,256.0,86%,85-89%,Hết bảo hành
iPhone 11 Pro Max,4800000.0,,Đã sử dụng (chưa sửa chữa),Màn thay,,256.0,95%,90-94%,Hết bảo hành
iPhone 11 Pro Max,4000000.0,Quốc tế (Không khoá mạng),Đã sử dụng (chưa sửa chữa),Đã sửa chữa,,64.0,90%,85-89%,
iPhone 11 Pro Max,9000000.0,Quốc tế (Không khoá mạng),Mới,Zin không trầy xước,Chính hãng VN (VNA),128.0,97%,97-99%,
iPhone 11 Pro Max,4700000.0,Quốc tế (Không khoá mạng),Đã sử dụng (chưa sửa chữa),Đã sửa chữa,Việt Nam,64.0,94%,90-94%,Hết bảo hành
iPhone 12,4300000.0,Quốc tế (Không khoá mạng),Đã sử dụng (chưa sửa chữa),Đã sửa chữa,Việt Nam,64.0,91%,90-94%,Hết bảo hành
iPhone 12,4050000.0,Quốc tế (Không khoá mạng),Đã sử dụng (chưa sửa chữa),Màn thay,Mỹ (LL/A),128.0,86%,85-89%,1 tháng
iPhone 12,2500000.0,Quốc tế (Không khoá mạng),Đã sử dụng (chưa sửa chữa),Màn thay,,64.0,91%,90-94%,
iPhone 12,5999000.0,Quốc tế (Không khoá mạng),Đã sử dụng (chưa sửa chữa),Đã sửa chữa,Mỹ (LL/A),64.0,96%,95-96%,1 tháng
iPhone 12,3900000.0,Quốc tế (Không khoá mạng),Đã sử dụng (chưa sửa chữa),Pin thay,,64.0,76%,Dưới 80%,
iPhone 12,5900000.0,Quốc tế (Không khoá mạng),Đã sử dụng (chưa sửa chữa),Đã sửa chữa,Chính hãng VN (VNA),128.0,96%,95-96%,Hết bảo hành
iPhone 12,5000000.0,,Đã sử dụng (chưa sửa chữa),Đã sửa chữa,Mỹ (LL/A),64.0,94%,90-94%,3 tháng
iPhone 12,5000000.0,,Đã sử dụng (chưa sửa chữa),Đã sửa chữa,,64.0,94%,90-94%,
iPhone 12,4899999.0,Quốc tế (Không khoá mạng),Đã sử dụng (chưa sửa chữa),Đã sửa chữa,Mỹ (LL/A),128.0,94%,90-94%,Còn bảo hành
iPhone 12,5800000.0,Quốc tế (Không khoá mạng),Đã sử dụng (chưa sửa chữa),Pin thay,Việt Nam,64.0,95%,95-96%,3 tháng
iPhone 12,3700000.0,Quốc tế (Không khoá mạng),Đã sử dụng (chưa sửa chữa),Màn thay,Mỹ (LL/A),128.0,89%,85-89%,4-6 tháng
iPhone 12,3636363.0,Quốc tế (Không khoá mạng),Đã sử dụng (chưa sửa chữa),Đã sửa chữa,,64.0,100%,100%,
iPhone 12,3650000.0,Khóa mạng (Lock),Đã sử dụng (chưa sửa chữa),Đã sửa chữa,Mỹ (LL/A),64.0,95%,95-96%,
iPhone 12,4990000.0,Quốc tế (Không khoá mạng),Đã sử dụng (chưa sửa chữa),Đã sửa chữa,Việt Nam,64.0,92%,90-94%,Còn bảo hành
iPhone 12,5000000.0,Quốc tế (Không khoá mạng),Đã sử dụng (chưa sửa chữa),Đã sửa chữa,,128.0,94%,90-94%,
iPhone 12,3000000.0,,Đã sửa chữa / thay linh kiện,Màn thay,,64.0,86%,85-89%,
iPhone 12,5900000.0,Quốc tế (Không khoá mạng),Đã sử dụng (chưa sửa chữa),Đã sửa chữa,Trung Quốc,128.0,100%,100%,1 tháng
iPhone 12,3800000.0,Quốc tế (Không khoá mạng),Đã sử dụng (chưa sửa chữa),Đã sửa chữa,Chính hãng VN (VNA),64.0,84%,80-84%,Hết bảo hành
iPhone 12,4800000.0,Quốc tế (Không khoá mạng),Đã sử dụng (chưa sửa chữa),Đã sửa chữa,Mỹ (LL/A),64.0,100%,100%,1 tháng
iPhone 12,5900000.0,Quốc tế (Không khoá mạng),Đã sử dụng (chưa sửa chữa),Pin thay,,128.0,100%,100%,3 tháng
iPhone 12,4200000.0,Quốc tế (Không khoá mạng),Đã sử dụng (chưa sửa chữa),Màn thay,,64.0,88%,85-89%,
iPhone 12,4900000.0,Quốc tế (Không khoá mạng),Đã sử dụng (chưa sửa chữa),Đã sửa chữa,,64.0,94%,90-94%,Còn bảo hành
iPhone 12,4500000.0,Quốc tế (Không khoá mạng),Đã sử dụng (chưa sửa chữa),Pin thay,Mỹ (LL/A),64.0,94%,90-94%,3 tháng
iPhone 12,4490000.0,Quốc tế (Không khoá mạng),Đã sử dụng (chưa sửa chữa),"Màn thay, Pin thay",Việt Nam,128.0,96%,95-96%,
iPhone 12,5900000.0,Quốc tế (Không khoá mạng),Đã sử dụng (chưa sửa chữa),Đã sửa chữa,Mỹ (LL/A),64.0,96%,95-96%,7-12 tháng
iPhone 12,4500000.0,Quốc tế (Không khoá mạng),Đã sử dụng (chưa sửa chữa),Đã sửa chữa,,128.0,93%,90-94%,
iPhone 12,5850000.0,,Đã sử dụng (chưa sửa chữa),Đã sửa chữa,Việt Nam,128.0,100%,100%,>12 tháng
iPhone 12,5100000.0,Quốc tế (Không khoá mạng),Đã sử dụng (chưa sửa chữa),Đã sửa chữa,,128.0,94%,90-94%,
iPhone 12,4500000.0,Quốc tế (Không khoá mạng),Đã sử dụng (chưa sửa chữa),Đã sửa chữa,,128.0,80%,80-84%,
iPhone 12,4900000.0,Quốc tế (Không khoá mạng),Đã sử dụng (chưa sửa chữa),Đã sửa chữa,,64.0,94%,90-94%,
iPhone 12,5600000.0,Quốc tế (Không khoá mạng),Đã sử dụng (chưa sửa chữa),Đã sửa chữa,,64.0,95%,90-94%,
iPhone 12,5500000.0,Quốc tế (Không khoá mạng),Đã sử dụng (chưa sửa chữa),Đã sửa chữa,Việt Nam,128.0,94%,90-94%,
iPhone 12,4500000.0,Quốc tế (Không khoá mạng),Đã sử dụng (chưa sửa chữa),Đã sửa chữa,Việt Nam,64.0,94%,90-94%,Hết bảo hành
iPhone 12,5000000.0,,Đã sử dụng (chưa sửa chữa),Đã sửa chữa,,128.0,94%,90-94%,
iPhone 12,5600000.0,Quốc tế (Không khoá mạng),Đã sử dụng (chưa sửa chữa),Đã sửa chữa,Mỹ (LL/A),64.0,95%,90-94%,Hết bảo hành
iPhone 12,3350000.0,Quốc tế (Không khoá mạng),Đã sử dụng (chưa sửa chữa),Đã sửa chữa,Mỹ (LL/A),64.0,92%,90-94%,Hết bảo hành
iPhone 12,5290000.0,Quốc tế (Không khoá mạng),Đã sử dụng (chưa sửa chữa),Đã sửa chữa,,64.0,91%,90-94%,7-12 tháng
iPhone 12,6000000.0,Quốc tế (Không khoá mạng),Đã sử dụng (chưa sửa chữa),Đã sửa chữa,Việt Nam,128.0,100%,100%,
iPhone 12,4000000.0,Quốc tế (Không khoá mạng),Đã sử dụng (chưa sửa chữa),Pin thay,,64.0,90%,85-89%,
iPhone 12,6900000.0,,Đã sử dụng (chưa sửa chữa),Đã sửa chữa,,256.0,100%,100%,7-12 tháng
iPhone 12,4500000.0,Quốc tế (Không khoá mạng),Đã sử dụng (chưa sửa chữa),Đã sửa chữa,Mỹ (LL/A),64.0,94%,90-94%,Hết bảo hành
iPhone 12,4300000.0,,Đã sử dụng (chưa sửa chữa),Đã sửa chữa,,64.0,91%,90-94%,
iPhone 12,4190000.0,Quốc tế (Không khoá mạng),Đã sử dụng (chưa sửa chữa),Màn thay,Mỹ (LL/A),64.0,90%,90-94%,1 tháng
iPhone 12,6666000.0,,Đã sử dụng (chưa sửa chữa),Đã sửa chữa,,256.0,95%,95-96%,7-12 tháng
iPhone 12 Mini,4500000.0,Quốc tế (Không khoá mạng),Đã sử dụng (chưa sửa chữa),Đã sửa chữa,Không rõ,64.0,94%,90-94%,Hết bảo hành
iPhone 12 Mini,3450000.0,,Đã sử dụng (chưa sửa chữa),Đã sửa chữa,,64.0,88%,85-89%,
iPhone 12 Mini,4990000.0,,Đã sử dụng (chưa sửa chữa),Đã sửa chữa,,256.0,95%,90-94%,
iPhone 12 Mini,4800000.0,Quốc tế (Không khoá mạng),Đã sử dụng (chưa sửa chữa),Pin thay,Trung Quốc,128.0,94%,90-94%,3 tháng
iPhone 12 Mini,4650000.0,Quốc tế (Không khoá mạng),Đã sử dụng (chưa sửa chữa),Đã sửa chữa,Trung Quốc,128.0,97%,97-99%,3 tháng
iPhone 12 Mini,4700000.0,Quốc tế (Không khoá mạng),Đã sử dụng (chưa sửa chữa),Pin thay,Trung Quốc,128.0,87%,85-89%,Còn bảo hành
iPhone 12 Mini,3700000.0,,Đã sử dụng (chưa sửa chữa),Đã sửa chữa,,128.0,79%,Dưới 80%,
iPhone 12 Mini,3600000.0,Quốc tế (Không khoá mạng),Đã sử dụng (chưa sửa chữa),Đã sửa chữa,,64.0,92%,90-94%,
iPhone 12 Mini,4490000.0,Quốc tế (Không khoá mạng),Đã sử dụng (chưa sửa chữa),Đã sửa chữa,Mỹ (LL/A),128.0,94%,90-94%,4-6 tháng
iPhone 12 Mini,4300000.0,Quốc tế (Không khoá mạng),Đã sử dụng (chưa sửa chữa),Đã sửa chữa,,64.0,100%,100%,2 tháng
iPhone 12 Mini,3700000.0,Quốc tế (Không khoá mạng),Đã sử dụng (chưa sửa chữa),Đã sửa chữa,,128.0,100%,100%,3 tháng
iPhone 12 Mini,3700000.0,,Đã sử dụng (chưa sửa chữa),Pin thay,Việt Nam,128.0,88%,85-89%,Hết bảo hành
iPhone 12 Mini,4200000.0,Quốc tế (Không khoá mạng),Đã sử dụng (chưa sửa chữa),Đã sửa chữa,Trung Quốc,128.0,87%,85-89%,Hết bảo hành
iPhone 12 Mini,3000000.0,,Đã sử dụng (chưa sửa chữa),Đã sửa chữa,,64.0,75%,Dưới 80%,
iPhone 12 Mini,4600000.0,Quốc tế (Không khoá mạng),Đã sử dụng (chưa sửa chữa),Pin thay,Nhật Bản,256.0,100%,100%,
iPhone 12 Pro,9000000.0,Quốc tế (Không khoá mạng),Đã sử dụng (chưa sửa chữa),Đã sửa chữa,Đài Loan,512.0,99%,97-99%,
iPhone 12 Pro,6000000.0,,Đã sử dụng (chưa sửa chữa),Đã sửa chữa,,128.0,95%,95-96%,
iPhone 12 Pro,5500000.0,,Đã sử dụng (chưa sửa chữa),Đã sửa chữa,,128.0,94%,90-94%,
iPhone 12 Pro,6000000.0,Quốc tế (Không khoá mạng),Đã sử dụng (chưa sửa chữa),Đã sửa chữa,Mỹ (LL/A),128.0,100%,100%,
iPhone 12 Pro,7200000.0,Quốc tế (Không khoá mạng),Đã sử dụng (chưa sửa chữa),Đã sửa chữa,,128.0,100%,100%,7-12 tháng
iPhone 12 Pro,6400000.0,,Đã sử dụng (chưa sửa chữa),Đã sửa chữa,Mỹ (LL/A),128.0,84%,80-84%,Hết bảo hành
iPhone 12 Pro,7500000.0,Quốc tế (Không khoá mạng),Đã sử dụng (chưa sửa chữa),Pin thay,Việt Nam,256.0,96%,95-96%,
iPhone 12 Pro,6200000.0,Quốc tế (Không khoá mạng),Đã sử dụng (chưa sửa chữa),Đã sửa chữa,,128.0,100%,100%,4-6 tháng
iPhone 12 Pro,4400000.0,Quốc tế (Không khoá mạng),Đã sửa chữa / thay linh kiện,Pin thay,Mỹ (LL/A),128.0,92%,90-94%,1 tháng
iPhone 12 Pro,6990000.0,Quốc tế (Không khoá mạng),Đã sử dụng (chưa sửa chữa),Đã sửa chữa,Không rõ,128.0,94%,90-94%,Còn bảo hành
iPhone 12 Pro,8690000.0,Quốc tế (Không khoá mạng),Đã sử dụng (chưa sửa chữa),Đã sửa chữa,,256.0,89%,85-89%,
iPhone 12 Pro,5900000.0,Quốc tế (Không khoá mạng),Đã sử dụng (chưa sửa chữa),Đã sửa chữa,,128.0,78%,Dưới 80%,Hết bảo hành
iPhone 12 Pro,7500000.0,Quốc tế (Không khoá mạng),Đã sử dụng (chưa sửa chữa),Đã sửa chữa,,128.0,100%,100%,
iPhone 12 Pro,6200000.0,Quốc tế (Không khoá mạng),Đã sử dụng (chưa sửa chữa),Đã sửa chữa,,128.0,93%,90-94%,
iPhone 12 Pro,5900000.0,,Đã sử dụng (chưa sửa chữa),Đã sửa chữa,,256.0,94%,90-94%,
iPhone 12 Pro,5800000.0,Quốc tế (Không khoá mạng),Đã sử dụng (chưa sửa chữa),Đã sửa chữa,,128.0,92%,90-94%,
iPhone 12 Pro,5500000.0,Quốc tế (Không khoá mạng),Đã sử dụng (chưa sửa chữa),Màn thay,,128.0,100%,100%,3 tháng
iPhone 12 Pro,6500000.0,,Đã sử dụng (chưa sửa chữa),Pin thay,,128.0,100%,100%,
iPhone 12 Pro,6900000.0,Quốc tế (Không khoá mạng),Đã sử dụng (chưa sửa chữa),Đã sửa chữa,Trung Quốc,128.0,100%,100%,3 tháng
iPhone 12 Pro,4600000.0,Quốc tế (Không khoá mạng),Đã sử dụng (chưa sửa chữa),Đã sửa chữa,Mỹ (LL/A),128.0,95%,95-96%,
iPhone 12 Pro,5900000.0,Quốc tế (Không khoá mạng),Đã sử dụng (chưa sửa chữa),Màn thay,,256.0,94%,90-94%,1 tháng
iPhone 12 Pro,6900000.0,,Đã sử dụng (chưa sửa chữa),Pin thay,Mỹ (LL/A),128.0,94%,90-94%,7-12 tháng
iPhone 12 Pro,6750000.0,Quốc tế (Không khoá mạng),Đã sử dụng (chưa sửa chữa),Đã sửa chữa,Trung Quốc,256.0,76%,Dưới 80%,1 tháng
iPhone 12 Pro,7200000.0,,Đã sử dụng (chưa sửa chữa),Đã sửa chữa,Nhật Bản,128.0,84%,80-84%,
iPhone 12 Pro,5990000.0,Quốc tế (Không khoá mạng),Đã sử dụng (chưa sửa chữa),"Màn thay, Pin thay",,128.0,90%,85-89%,Còn bảo hành
iPhone 12 Pro,5790000.0,Quốc tế (Không khoá mạng),Đã sử dụng (chưa sửa chữa),Đã sửa chữa,,128.0,95%,95-96%,Còn bảo hành
iPhone 12 Pro,5990000.0,,Đã sử dụng (chưa sửa chữa),Đã sửa chữa,,128.0,94%,90-94%,
iPhone 12 Pro,5500000.0,Quốc tế (Không khoá mạng),Đã sử dụng (chưa sửa chữa),Đã sửa chữa,,128.0,86%,85-89%,Còn bảo hành
iPhone 12 Pro,5200000.0,Quốc tế (Không khoá mạng),Đã sử dụng (chưa sửa chữa),Màn thay,,128.0,94%,90-94%,Còn bảo hành
iPhone 12 Pro,6000000.0,Quốc tế (Không khoá mạng),Đã sử dụng (chưa sửa chữa),Đã sửa chữa,,128.0,95%,95-96%,
iPhone 12 Pro,5600000.0,Quốc tế (Không khoá mạng),Đã sử dụng (chưa sửa chữa),Đã sửa chữa,,128.0,92%,90-94%,Còn bảo hành
iPhone 12 Pro,6500000.0,Quốc tế (Không khoá mạng),Đã sử dụng (chưa sửa chữa),Đã sửa chữa,Mỹ (LL/A),128.0,92%,90-94%,1 tháng
iPhone 12 Pro,7990000.0,Quốc tế (Không khoá mạng),Đã sử dụng (chưa sửa chữa),Đã sửa chữa,Mỹ (LL/A),128.0,94%,90-94%,7-12 tháng
iPhone 12 Pro,7500000.0,Quốc tế (Không khoá mạng),Đã sử dụng (chưa sửa chữa),Đã sửa chữa,,128.0,100%,100%,4-6 tháng
iPhone 12 Pro,6500000.0,Quốc tế (Không khoá mạng),Đã sử dụng (chưa sửa chữa),Đã sửa chữa,Mỹ (LL/A),128.0,83%,80-84%,1 tháng
iPhone 12 Pro,7400000.0,,Đã sử dụng (chưa sửa chữa),Đã sửa chữa,Việt Nam,256.0,100%,100%,Hết bảo hành
iPhone 12 Pro,5100000.0,Quốc tế (Không khoá mạng),Đã sử dụng (chưa sửa chữa),Đã sửa chữa,Việt Nam,128.0,93%,90-94%,Hết bảo hành
iPhone 12 Pro,7000000.0,,Đã sử dụng (chưa sửa chữa),Đã sửa chữa,,256.0,100%,100%,
iPhone 12 Pro,5999000.0,Quốc tế (Không khoá mạng),Đã sử dụng (chưa sửa chữa),Pin thay,,128.0,94%,90-94%,
iPhone 12 Pro,5850000.0,,Mới,Zin không trầy xước,Việt Nam,512.0,100%,100%,Còn bảo hành
iPhone 12 Pro,8500000.0,,Đã sử dụng (chưa sửa chữa),Đã sửa chữa,,256.0,96%,95-96%,
iPhone 12 Pro,6900000.0,Quốc tế (Không khoá mạng),Đã sử dụng (chưa sửa chữa),Đã sửa chữa,Mỹ (LL/A),128.0,100%,100%,2 tháng
iPhone 12 Pro,6800000.0,Quốc tế (Không khoá mạng),Đã sử dụng (chưa sửa chữa),Đã sửa chữa,Trung Quốc,128.0,94%,90-94%,
iPhone 12 Pro,6000000.0,Quốc tế (Không khoá mạng),Đã sử dụng (chưa sửa chữa),Đã sửa chữa,,128.0,100%,100%,
iPhone 12 Pro,6700000.0,Quốc tế (Không khoá mạng),Đã sử dụng (chưa sửa chữa),Pin thay,Mỹ (LL/A),128.0,93%,90-94%,
iPhone 12 Pro,6200000.0,Quốc tế (Không khoá mạng),Đã sử dụng (chưa sửa chữa),Pin thay,,128.0,82%,80-84%,
iPhone 12 Pro,5599000.0,Quốc tế (Không khoá mạng),Đã sử dụng (chưa sửa chữa),Đã sửa chữa,Mỹ (LL/A),256.0,81%,80-84%,
iPhone 12 Pro,7900000.0,Quốc tế (Không khoá mạng),Đã sử dụng (chưa sửa chữa),Đã sửa chữa,,128.0,87%,85-89%,7-12 tháng
iPhone 12 Pro,6900000.0,Quốc tế (Không khoá mạng),Đã sử dụng (chưa sửa chữa),Đã sửa chữa,,128.0,94%,90-94%,
iPhone 12 Pro,7500000.0,Quốc tế (Không khoá mạng),Đã sử dụng (chưa sửa chữa),Đã sửa chữa,,128.0,94%,90-94%,
iPhone 12 Pro,6500000.0,Quốc tế (Không khoá mạng),Đã sử dụng (chưa sửa chữa),Đã sửa chữa,Nhật Bản,256.0,83%,80-84%,
iPhone 12 Pro,7890000.0,Quốc tế (Không khoá mạng),Đã sử dụng (chưa sửa chữa),Đã sửa chữa,Không rõ,128.0,94%,90-94%,4-6 tháng
iPhone 12 Pro,5950000.0,Quốc tế (Không khoá mạng),Đã sử dụng (chưa sửa chữa),Pin thay,Mỹ (LL/A),128.0,93%,90-94%,Hết bảo hành
iPhone 12 Pro,7456000.0,,Đã sử dụng (chưa sửa chữa),Đã sửa chữa,,512.0,96%,95-96%,7-12 tháng
iPhone 12 Pro,6666000.0,,Đã sử dụng (chưa sửa chữa),Đã sửa chữa,,128.0,93%,90-94%,7-12 tháng
iPhone 12 Pro,6400000.0,Quốc tế (Không khoá mạng),Đã sử dụng (chưa sửa chữa),Đã sửa chữa,Chính hãng VN (VNA),128.0,92%,90-94%,Còn bảo hành
iPhone 12 Pro Max,7300000.0,Khóa mạng (Lock),Đã sử dụng (chưa sửa chữa),Đã sửa chữa,,128.0,85%,85-89%,1 tháng
iPhone 12 Pro Max,6000000.0,,Đã sử dụng (chưa sửa chữa),Màn thay,,128.0,93%,90-94%,
iPhone 12 Pro Max,5700000.0,Quốc tế (Không khoá mạng),Đã sửa chữa / thay linh kiện,Màn thay,,128.0,86%,85-89%,
iPhone 12 Pro Max,6500000.0,,Đã sử dụng (chưa sửa chữa),Màn thay,,128.0,90%,85-89%,
iPhone 12 Pro Max,7456789.0,Quốc tế (Không khoá mạng),Đã sử dụng (chưa sửa chữa),Đã sửa chữa,Mỹ (LL/A),128.0,91%,90-94%,Còn bảo hành
iPhone 12 Pro Max,5700000.0,Quốc tế (Không khoá mạng),Đã sử dụng (chưa sửa chữa),Màn thay,Mỹ (LL/A),256.0,89%,85-89%,4-6 tháng
iPhone 12 Pro Max,8500000.0,Quốc tế (Không khoá mạng),Đã sử dụng (chưa sửa chữa),Đã sửa chữa,,128.0,92%,90-94%,Còn bảo hành
iPhone 12 Pro Max,8500000.0,,Đã sử dụng (chưa sửa chữa),Đã sửa chữa,Chính hãng VN (VNA),128.0,77%,Dưới 80%,
iPhone 12 Pro Max,6000000.0,Quốc tế (Không khoá mạng),Đã sửa chữa / thay linh kiện,"Màn thay, Pin thay",Việt Nam,128.0,93%,90-94%,
iPhone 12 Pro Max,5500000.0,Quốc tế (Không khoá mạng),Đã sử dụng (chưa sửa chữa),Màn thay,,256.0,94%,90-94%,4-6 tháng
iPhone 12 Pro Max,9500000.0,Quốc tế (Không khoá mạng),Đã sử dụng (chưa sửa chữa),Đã sửa chữa,Nhật Bản,256.0,72%,Dưới 80%,Hết bảo hành
iPhone 12 Pro Max,4200000.0,Quốc tế (Không khoá mạng),Đã sửa chữa / thay linh kiện,Đã sửa chữa,,256.0,90%,85-89%,
iPhone 12 Pro Max,7800000.0,Quốc tế (Không khoá mạng),Đã sử dụng (chưa sửa chữa),Đã sửa chữa,,128.0,92%,90-94%,
iPhone 12 Pro Max,8100000.0,Quốc tế (Không khoá mạng),Đã sửa chữa / thay linh kiện,Pin thay,Mỹ (LL/A),128.0,100%,100%,4-6 tháng
iPhone 12 Pro Max,4700000.0,Quốc tế (Không khoá mạng),Đã sử dụng (chưa sửa chữa),Đã sửa chữa,,256.0,94%,90-94%,3 tháng
iPhone 12 Pro Max,4900000.0,Khóa mạng (Lock),Đã sử dụng (chưa sửa chữa),Đã sửa chữa,Chính hãng VN (VNA),128.0,90%,90-94%,Hết bảo hành
iPhone 12 Pro Max,10500000.0,,Đã sử dụng (chưa sửa chữa),Màn thay,Mỹ (LL/A),128.0,94%,90-94%,7-12 tháng
iPhone 12 Pro Max,8500000.0,Quốc tế (Không khoá mạng),Đã sử dụng (chưa sửa chữa),Đã sửa chữa,Chính hãng VN (VNA),256.0,100%,100%,4-6 tháng
iPhone 12 Pro Max,5500000.0,Quốc tế (Không khoá mạng),Đã sử dụng (chưa sửa chữa),Pin thay,Mỹ (LL/A),256.0,100%,100%,
iPhone 12 Pro Max,6850000.0,Quốc tế (Không khoá mạng),Đã sử dụng (chưa sửa chữa),Đã sửa chữa,Trung Quốc,256.0,95%,90-94%,
iPhone 12 Pro Max,5900000.0,Khóa mạng (Lock),Đã sử dụng (chưa sửa chữa),Đã sửa chữa,Mỹ (LL/A),256.0,93%,90-94%,Còn bảo hành
iPhone 12 Pro Max,5990000.0,Quốc tế (Không khoá mạng),Đã sử dụng (chưa sửa chữa),Đã sửa chữa,,128.0,94%,90-94%,Còn bảo hành
iPhone 12 Pro Max,5700000.0,Quốc tế (Không khoá mạng),Đã sử dụng (chưa sửa chữa),Đã sửa chữa,Mỹ (LL/A),128.0,78%,Dưới 80%,
iPhone 12 Pro Max,4250000.0,Quốc tế (Không khoá mạng),Đã sử dụng (chưa sửa chữa),Màn thay,,64.0,87%,85-89%,
iPhone 12 Pro Max,11000000.0,,Đã sử dụng (chưa sửa chữa),Đã sửa chữa,,256.0,96%,95-96%,1 tháng
iPhone 12 Pro Max,4800000.0,Quốc tế (Không khoá mạng),Đã sử dụng (chưa sửa chữa),Đã sửa chữa,,256.0,94%,90-94%,
iPhone 12 Pro Max,7500000.0,Quốc tế (Không khoá mạng),Đã sửa chữa / thay linh kiện,Pin thay,Việt Nam,128.0,91%,90-94%,4-6 tháng
iPhone 12 Pro Max,5990000.0,Quốc tế (Không khoá mạng),Đã sử dụng (chưa sửa chữa),Màn thay,,128.0,91%,90-94%,Còn bảo hành
iPhone 12 Pro Max,5750000.0,Quốc tế (Không khoá mạng),Đã sử dụng (chưa sửa chữa),Màn thay,Mỹ (LL/A),512.0,93%,90-94%,4-6 tháng
iPhone 12 Pro Max,7950000.0,Quốc tế (Không khoá mạng),Đã sử dụng (chưa sửa chữa),Đã sửa chữa,Việt Nam,256.0,95%,95-96%,1 tháng
iPhone 12 Pro Max,5250000.0,Quốc tế (Không khoá mạng),Đã sử dụng (chưa sửa chữa),Màn thay,,128.0,90%,90-94%,
iPhone 12 Pro Max,6800000.0,Quốc tế (Không khoá mạng),Đã sử dụng (chưa sửa chữa),Màn thay,,256.0,95%,90-94%,3 tháng
iPhone 12 Pro Max,3555000.0,Quốc tế (Không khoá mạng),Đã sử dụng (chưa sửa chữa),Đã sửa chữa,,128.0,90%,85-89%,Hết bảo hành
iPhone 12 Pro Max,9000000.0,,Đã sử dụng (chưa sửa chữa),Đã sửa chữa,,128.0,89%,85-89%,
iPhone 12 Pro Max,5999000.0,Quốc tế (Không khoá mạng),Đã sử dụng (chưa sửa chữa),Đã sửa chữa,Mỹ (LL/A),128.0,80%,80-84%,Hết bảo hành
iPhone 12 Pro Max,8000000.0,,Đã sử dụng (chưa sửa chữa),Đã sửa chữa,,128.0,85%,85-89%,
iPhone 12 Pro Max,5450000.0,Quốc tế (Không khoá mạng),Đã sử dụng (chưa sửa chữa),Đã sửa chữa,Chính hãng VN (VNA),256.0,88%,85-89%,4-6 tháng
iPhone 12 Pro Max,2950000.0,Quốc tế (Không khoá mạng),Đã sử dụng (chưa sửa chữa),Đã sửa chữa,Mỹ (LL/A),128.0,86%,85-89%,
iPhone 12 Pro Max,7500000.0,Quốc tế (Không khoá mạng),Đã sử dụng (chưa sửa chữa),Đã sửa chữa,,128.0,91%,90-94%,
iPhone 12 Pro Max,3950000.0,Quốc tế (Không khoá mạng),Đã sử dụng (chưa sửa chữa),Đã sửa chữa,Mỹ (LL/A),128.0,85%,85-89%,
iPhone 12 Pro Max,6500000.0,Quốc tế (Không khoá mạng),Đã sử dụng (chưa sửa chữa),Đã sửa chữa,Mỹ (LL/A),128.0,90%,85-89%,
iPhone 12 Pro Max,7500000.0,Quốc tế (Không khoá mạng),Đã sử dụng (chưa sửa chữa),Đã sửa chữa,,128.0,91%,90-94%,Còn bảo hành
iPhone 12 Pro Max,9000000.0,,Đã sử dụng (chưa sửa chữa),Đã sửa chữa,Mỹ (LL/A),128.0,100%,100%,4-6 tháng
iPhone 12 Pro Max,10200000.0,Quốc tế (Không khoá mạng),Đã sử dụng (chưa sửa chữa),Đã sửa chữa,Chính hãng VN (VNA),128.0,94%,90-94%,Còn bảo hành
iPhone 12 Pro Max,9500000.0,Quốc tế (Không khoá mạng),Đã sử dụng (chưa sửa chữa),Đã sửa chữa,,128.0,100%,100%,
iPhone 12 Pro Max,4000000.0,Khóa mạng (Lock),Đã sửa chữa / thay linh kiện,Đã sửa chữa,Mỹ (LL/A),256.0,89%,85-89%,Hết bảo hành
iPhone 12 Pro Max,5780000.0,Quốc tế (Không khoá mạng),Đã sử dụng (chưa sửa chữa),Đã sửa chữa,,128.0,89%,85-89%,
iPhone 12 Pro Max,10800000.0,Quốc tế (Không khoá mạng),Đã sửa chữa / thay linh kiện,Pin thay,Mỹ (LL/A),256.0,87%,85-89%,7-12 tháng
iPhone 12 Pro Max,5900000.0,Quốc tế (Không khoá mạng),Đã sử dụng (chưa sửa chữa),Màn thay,,128.0,77%,Dưới 80%,
iPhone 12 Pro Max,5800000.0,Quốc tế (Không khoá mạng),Đã sử dụng (chưa sửa chữa),Màn thay,Mỹ (LL/A),256.0,93%,90-94%,
iPhone 12 Pro Max,2750000.0,Quốc tế (Không khoá mạng),Đã sử dụng (chưa sửa chữa),Đã sửa chữa,Mỹ (LL/A),128.0,87%,85-89%,Hết bảo hành
iPhone 12 Pro Max,8300000.0,,Đã sử dụng (chưa sửa chữa),Đã sửa chữa,,128.0,92%,90-94%,
iPhone 12 Pro Max,6600000.0,Quốc tế (Không khoá mạng),Đã sử dụng (chưa sửa chữa),Đã sửa chữa,Mỹ (LL/A),128.0,85%,85-89%,
iPhone 12 Pro Max,9600000.0,Quốc tế (Không khoá mạng),Đã sử dụng (chưa sửa chữa),Đã sửa chữa,,256.0,92%,90-94%,3 tháng
iPhone 12 Pro Max,5500000.0,Quốc tế (Không khoá mạng),Đã sử dụng (chưa sửa chữa),Màn thay,,256.0,94%,90-94%,
iPhone 12 Pro Max,4700000.0,Quốc tế (Không khoá mạng),Đã sử dụng (chưa sửa chữa),Màn thay,,128.0,90%,90-94%,
iPhone 12 Pro Max,6500000.0,Quốc tế (Không khoá mạng),Đã sửa chữa / thay linh kiện,Màn thay,,128.0,89%,85-89%,
iPhone 12 Pro Max,6200000.0,Quốc tế (Không khoá mạng),Đã sử dụng (chưa sửa chữa),Màn thay,,128.0,94%,90-94%,1 tháng
iPhone 12 Pro Max,5990000.0,Quốc tế (Không khoá mạng),Đã sử dụng (chưa sửa chữa),Đã sửa chữa,,128.0,91%,90-94%,Còn bảo hành
iPhone 12 Pro Max,6650000.0,Quốc tế (Không khoá mạng),Đã sử dụng (chưa sửa chữa),Đã sửa chữa,,256.0,93%,90-94%,Còn bảo hành
iPhone 12 Pro Max,5800000.0,,Đã sử dụng (chưa sửa chữa),Màn thay,Mỹ (LL/A),128.0,89%,85-89%,7-12 tháng
iPhone 12 Pro Max,8300000.0,Quốc tế (Không khoá mạng),Đã sử dụng (chưa sửa chữa),Đã sửa chữa,,128.0,92%,90-94%,
iPhone 12 Pro Max,9450000.0,Quốc tế (Không khoá mạng),Đã sử dụng (chưa sửa chữa),Đã sửa chữa,Mỹ (LL/A),256.0,100%,100%,3 tháng
iPhone 12 Pro Max,9500000.0,Quốc tế (Không khoá mạng),Đã sử dụng (chưa sửa chữa),Đã sửa chữa,,256.0,100%,100%,
iPhone 12 Pro Max,7700000.0,Quốc tế (Không khoá mạng),Đã sử dụng (chưa sửa chữa),Đã sửa chữa,,128.0,92%,90-94%,3 tháng
iPhone 12 Pro Max,5900000.0,Khóa mạng (Lock),Đã sử dụng (chưa sửa chữa),Đã sửa chữa,Mỹ (LL/A),128.0,90%,90-94%,
iPhone 12 Pro Max,9490000.0,Quốc tế (Không khoá mạng),Đã sử dụng (chưa sửa chữa),Màn thay,Mỹ (LL/A),256.0,100%,100%,4-6 tháng
iPhone 12 Pro Max,8800000.0,,Đã sửa chữa / thay linh kiện,Đã sửa chữa,Trung Quốc,256.0,95%,95-96%,
iPhone 12 Pro Max,5600000.0,,Đã sử dụng (chưa sửa chữa),Màn thay,,128.0,87%,85-89%,
iPhone 12 Pro Max,4900000.0,Khóa mạng (Lock),Đã sử dụng (chưa sửa chữa),Đã sửa chữa,,128.0,90%,90-94%,
iPhone 12 Pro Max,6390000.0,Quốc tế (Không khoá mạng),Đã sử dụng (chưa sửa chữa),Màn thay,,128.0,91%,90-94%,
iPhone 12 Pro Max,5450000.0,Khóa mạng (Lock),Đã sử dụng (chưa sửa chữa),Đã sửa chữa,Mỹ (LL/A),128.0,76%,Dưới 80%,1 tháng
iPhone 12 Pro Max,9900000.0,Quốc tế (Không khoá mạng),Đã sử dụng (chưa sửa chữa),Pin thay,,512.0,100%,100%,3 tháng
iPhone 12 Pro Max,5600000.0,Quốc tế (Không khoá mạng),Đã sử dụng (chưa sửa chữa),Màn thay,,256.0,100%,100%,4-6 tháng
iPhone 12 Pro Max,7000000.0,Quốc tế (Không khoá mạng),Đã sử dụng (chưa sửa chữa),Màn thay,,256.0,94%,90-94%,
iPhone 12 Pro Max,5600000.0,Khóa mạng (Lock),Đã sử dụng (chưa sửa chữa),Màn thay,,256.0,93%,90-94%,
iPhone 12 Pro Max,7000000.0,Quốc tế (Không khoá mạng),Đã sử dụng (chưa sửa chữa),Đã sửa chữa,Mỹ (LL/A),128.0,91%,90-94%,4-6 tháng
iPhone 12 Pro Max,6300000.0,Quốc tế (Không khoá mạng),Đã sử dụng (chưa sửa chữa),Đã sửa chữa,Việt Nam,128.0,91%,90-94%,
iPhone 12 Pro Max,7500000.0,,Đã sử dụng (chưa sửa chữa),Đã sửa chữa,,256.0,95%,90-94%,4-6 tháng
iPhone 12 Pro Max,10790000.0,Quốc tế (Không khoá mạng),Đã sử dụng (chưa sửa chữa),Pin thay,Mỹ (LL/A),256.0,95%,95-96%,4-6 tháng
iPhone 12 Pro Max,6000000.0,Quốc tế (Không khoá mạng),Đã sử dụng (chưa sửa chữa),Màn thay,,128.0,100%,100%,
iPhone 12 Pro Max,5200000.0,Quốc tế (Không khoá mạng),Đã sử dụng (chưa sửa chữa),Màn thay,Mỹ (LL/A),128.0,90%,90-94%,
iPhone 12 Pro Max,4290000.0,Quốc tế (Không khoá mạng),Đã sử dụng (chưa sửa chữa),Đã sửa chữa,Mỹ (LL/A),128.0,88%,85-89%,1 tháng
iPhone 12 Pro Max,8500000.0,Quốc tế (Không khoá mạng),Đã sử dụng (chưa sửa chữa),Đã sửa chữa,,128.0,92%,90-94%,
iPhone 12 Pro Max,9300000.0,Quốc tế (Không khoá mạng),Đã sử dụng (chưa sửa chữa),Đã sửa chữa,,512.0,97%,95-96%,
iPhone 12 Pro Max,2600000.0,,Đã sử dụng (chưa sửa chữa),Đã sửa chữa,,128.0,87%,85-89%,
iPhone 12 Pro Max,7790000.0,Quốc tế (Không khoá mạng),Đã sử dụng (chưa sửa chữa),Đã sửa chữa,,256.0,95%,95-96%,
iPhone 12 Pro Max,5800000.0,Quốc tế (Không khoá mạng),Đã sửa chữa / thay linh kiện,Màn thay,Mỹ (LL/A),128.0,89%,85-89%,
iPhone 12 Pro Max,8200000.0,Quốc tế (Không khoá mạng),Đã sử dụng (chưa sửa chữa),Đã sửa chữa,Mỹ (LL/A),256.0,95%,90-94%,3 tháng
iPhone 12 Pro Max,7500000.0,Quốc tế (Không khoá mạng),Đã sử dụng (chưa sửa chữa),Đã sửa chữa,,128.0,91%,90-94%,
iPhone 12 Pro Max,5990000.0,Quốc tế (Không khoá mạng),Đã sử dụng (chưa sửa chữa),Đã sửa chữa,,1024.0,90%,90-94%,Còn bảo hành
iPhone 12 Pro Max,5300000.0,Khóa mạng (Lock),Đã sử dụng (chưa sửa chữa),Màn thay,,128.0,89%,85-89%,
iPhone 12 Pro Max,5200000.0,Khóa mạng (Lock),Đã sử dụng (chưa sửa chữa),Đã sửa chữa,,128.0,90%,90-94%,
iPhone 12 Pro Max,9990000.0,Quốc tế (Không khoá mạng),Đã sử dụng (chưa sửa chữa),Đã sửa chữa,Chính hãng VN (VNA),128.0,94%,90-94%,Còn bảo hành
iPhone 12 Pro Max,7800000.0,Quốc tế (Không khoá mạng),Đã sử dụng (chưa sửa chữa),Đã sửa chữa,Mỹ (LL/A),256.0,95%,95-96%,
iPhone 12 Pro Max,8300000.0,,Đã sửa chữa / thay linh kiện,Đã sửa chữa,Mỹ (LL/A),128.0,92%,90-94%,
iPhone 12 Pro Max,5800000.0,Quốc tế (Không khoá mạng),Đã sử dụng (chưa sửa chữa),Đã sửa chữa,Mỹ (LL/A),256.0,93%,90-94%,
iPhone 12 Pro Max,5800000.0,Quốc tế (Không khoá mạng),Đã sử dụng (chưa sửa chữa),Đã sửa chữa,,256.0,93%,90-94%,
iPhone 12 Pro Max,7000000.0,Quốc tế (Không khoá mạng),Đã sử dụng (chưa sửa chữa),Đã sửa chữa,Mỹ (LL/A),128.0,91%,90-94%,Hết bảo hành
iPhone 12 Pro Max,7800000.0,Quốc tế (Không khoá mạng),Đã sử dụng (chưa sửa chữa),Đã sửa chữa,,128.0,92%,90-94%,
iPhone 12 Pro Max,6800000.0,Quốc tế (Không khoá mạng),Đã sử dụng (chưa sửa chữa),Màn thay,,256.0,95%,90-94%,
iPhone 12 Pro Max,7000000.0,Quốc tế (Không khoá mạng),Đã sử dụng (chưa sửa chữa),Màn thay,Mỹ (LL/A),256.0,94%,90-94%,
iPhone 12 Pro Max,7800000.0,Quốc tế (Không khoá mạng),Đã sử dụng (chưa sửa chữa),Màn thay,Mỹ (LL/A),128.0,92%,90-94%,2 tháng
iPhone 12 Pro Max,7000000.0,,Đã sử dụng (chưa sửa chữa),Màn thay,,128.0,91%,90-94%,
iPhone 12 Pro Max,7500000.0,,Đã sử dụng (chưa sửa chữa),Đã sửa chữa,,256.0,95%,90-94%,
iPhone 12 Pro Max,3500000.0,,Đã sửa chữa / thay linh kiện,Đã sửa chữa,Mỹ (LL/A),128.0,90%,90-94%,>12 tháng
iPhone 12 Pro Max,3000000.0,Quốc tế (Không khoá mạng),Đã sử dụng (chưa sửa chữa),Đã sửa chữa,Mỹ (LL/A),128.0,85%,80-84%,>12 tháng
iPhone 12 Pro Max,7900000.0,Quốc tế (Không khoá mạng),Mới,Zin không trầy xước,Chính hãng VN (VNA),128.0,94%,90-94%,Còn bảo hành
iPhone 12 Pro Max,5500000.0,Quốc tế (Không khoá mạng),Đã sử dụng (chưa sửa chữa),Màn thay,Nhật Bản,512.0,94%,90-94%,
iPhone 12 Pro Max,6300000.0,Quốc tế (Không khoá mạng),Đã sử dụng (chưa sửa chữa),Màn thay,,128.0,91%,90-94%,
iPhone 12 Pro Max,8900000.0,,Đã sử dụng (chưa sửa chữa),Đã sửa chữa,,256.0,96%,95-96%,
iPhone 12 Pro Max,12800000.0,,Đã sử dụng (chưa sửa chữa),Màn thay,Mỹ (LL/A),512.0,100%,100%,
iPhone 12 Pro Max,5900000.0,Quốc tế (Không khoá mạng),Đã sử dụng (chưa sửa chữa),Màn thay,,128.0,95%,95-96%,Hết bảo hành
iPhone 12 Pro Max,8600000.0,Quốc tế (Không khoá mạng),Đã sử dụng (chưa sửa chữa),Đã sửa chữa,Việt Nam,128.0,91%,90-94%,Hết bảo hành
iPhone 12 Pro Max,7300000.0,Quốc tế (Không khoá mạng),Đã sử dụng (chưa sửa chữa),Đã sửa chữa,,128.0,91%,90-94%,
iPhone 12 Pro Max,11200000.0,Quốc tế (Không khoá mạng),Đã sử dụng (chưa sửa chữa),Đã sửa chữa,Mỹ (LL/A),512.0,100%,100%,2 tháng
iPhone 12 Pro Max,5444000.0,,Đã sử dụng (chưa sửa chữa),Đã sửa chữa,,128.0,89%,85-89%,
iPhone 12 Pro Max,5700000.0,Quốc tế (Không khoá mạng),Đã sử dụng (chưa sửa chữa),Đã sửa chữa,Việt Nam,256.0,93%,90-94%,3 tháng
iPhone 12 Pro Max,5400000.0,Quốc tế (Không khoá mạng),Đã sử dụng (chưa sửa chữa),Đã sửa chữa,Trung Quốc,256.0,93%,90-94%,
iPhone 12 Pro Max,9700000.0,Quốc tế (Không khoá mạng),Đã sử dụng (chưa sửa chữa),Đã sửa chữa,Mỹ (LL/A),128.0,95%,90-94%,7-12 tháng
iPhone 12 Pro Max,5600000.0,Quốc tế (Không khoá mạng),Đã sử dụng (chưa sửa chữa),Đã sửa chữa,Mỹ (LL/A),128.0,89%,85-89%,
iPhone 12 Pro Max,6200000.0,Quốc tế (Không khoá mạng),Đã sử dụng (chưa sửa chữa),Đã sửa chữa,,512.0,94%,90-94%,Còn bảo hành
iPhone 12 Pro Max,2000000.0,Quốc tế (Không khoá mạng),Đã sử dụng (chưa sửa chữa),Đã sửa chữa,Mỹ (LL/A),128.0,88%,85-89%,>12 tháng
iPhone 12 Pro Max,9000000.0,Quốc tế (Không khoá mạng),Đã sử dụng (chưa sửa chữa),Đã sửa chữa,Đài Loan,128.0,92%,90-94%,Hết bảo hành
iPhone 12 Pro Max,6400000.0,Quốc tế (Không khoá mạng),Đã sử dụng (chưa sửa chữa),Đã sửa chữa,,128.0,91%,90-94%,Còn bảo hành
iPhone 12 Pro Max,9000000.0,Quốc tế (Không khoá mạng),Đã sử dụng (chưa sửa chữa),Đã sửa chữa,,128.0,100%,100%,
iPhone 12 Pro Max,9400000.0,,Đã sử dụng (chưa sửa chữa),Đã sửa chữa,,256.0,100%,100%,
iPhone 12 Pro Max,9800000.0,,Đã sử dụng (chưa sửa chữa),Đã sửa chữa,,256.0,95%,90-94%,
iPhone 12 Pro Max,7500000.0,Quốc tế (Không khoá mạng),Đã sử dụng (chưa sửa chữa),Pin thay,,128.0,91%,90-94%,
iPhone 12 Pro Max,7500000.0,Quốc tế (Không khoá mạng),Đã sử dụng (chưa sửa chữa),Đã sửa chữa,Mỹ (LL/A),128.0,91%,90-94%,
iPhone 12 Pro Max,7900000.0,Quốc tế (Không khoá mạng),Đã sử dụng (chưa sửa chữa),Đã sửa chữa,,128.0,92%,90-94%,1 tháng
iPhone 12 Pro Max,5200000.0,Quốc tế (Không khoá mạng),Đã sửa chữa / thay linh kiện,Đã sửa chữa,,128.0,90%,90-94%,Hết bảo hành
iPhone 12 Pro Max,4200000.0,Quốc tế (Không khoá mạng),Đã sửa chữa / thay linh kiện,Đã sửa chữa,Mỹ (LL/A),128.0,86%,85-89%,
iPhone 12 Pro Max,8800000.0,Quốc tế (Không khoá mạng),Đã sử dụng (chưa sửa chữa),Pin thay,Mỹ (LL/A),128.0,93%,90-94%,Hết bảo hành
iPhone 12 Pro Max,8699000.0,,Đã sử dụng (chưa sửa chữa),Pin thay,Việt Nam,128.0,83%,80-84%,
iPhone 12 Pro Max,7190000.0,Quốc tế (Không khoá mạng),Đã sử dụng (chưa sửa chữa),Màn thay,,256.0,95%,90-94%,
iPhone 12 Pro Max,8200000.0,Quốc tế (Không khoá mạng),Đã sử dụng (chưa sửa chữa),Đã sửa chữa,,256.0,95%,90-94%,
iPhone 12 Pro Max,4960000.0,Khóa mạng (Lock),Đã sử dụng (chưa sửa chữa),"Màn thay, Pin thay",Mỹ (LL/A),128.0,100%,100%,3 tháng
iPhone 12 Pro Max,8000000.0,Quốc tế (Không khoá mạng),Đã sử dụng (chưa sửa chữa),Đã sửa chữa,,128.0,100%,100%,
iPhone 12 Pro Max,9500000.0,,Đã sử dụng (chưa sửa chữa),Đã sửa chữa,,128.0,94%,90-94%,
iPhone 12 Pro Max,9800000.0,Quốc tế (Không khoá mạng),Đã sử dụng (chưa sửa chữa),Đã sửa chữa,Mỹ (LL/A),128.0,97%,97-99%,7-12 tháng
iPhone 12 Pro Max,8000000.0,Quốc tế (Không khoá mạng),Đã sử dụng (chưa sửa chữa),Đã sửa chữa,Mỹ (LL/A),128.0,75%,Dưới 80%,Hết bảo hành
iPhone 12 Pro Max,7777000.0,,Đã sử dụng (chưa sửa chữa),Đã sửa chữa,Mỹ (LL/A),256.0,100%,100%,7-12 tháng
iPhone 12 Pro Max,7345000.0,,Đã sử dụng (chưa sửa chữa),Đã sửa chữa,,128.0,91%,90-94%,7-12 tháng
iPhone 13,7790000.0,Quốc tế (Không khoá mạng),Đã sử dụng (chưa sửa chữa),Đã sửa chữa,,128.0,91%,90-94%,
iPhone 13,6100000.0,Quốc tế (Không khoá mạng),Đã sử dụng (chưa sửa chữa),Đã sửa chữa,Mỹ (LL/A),128.0,94%,90-94%,Hết bảo hành
iPhone 13,2980000.0,Quốc tế (Không khoá mạng),Đã sử dụng (chưa sửa chữa),Pin thay,Mỹ (LL/A),128.0,85%,85-89%,Hết bảo hành
iPhone 13,8299000.0,Quốc tế (Không khoá mạng),Đã sử dụng (chưa sửa chữa),Đã sửa chữa,Mỹ (LL/A),512.0,94%,90-94%,
iPhone 13,5699000.0,Khóa mạng (Lock),Đã sử dụng (chưa sửa chữa),Đã sửa chữa,,128.0,89%,85-89%,
iPhone 13,7500000.0,,Đã sử dụng (chưa sửa chữa),Pin thay,Việt Nam,128.0,83%,80-84%,
iPhone 13,7000000.0,Quốc tế (Không khoá mạng),Đã sử dụng (chưa sửa chữa),Đã sửa chữa,Việt Nam,128.0,91%,90-94%,3 tháng
iPhone 13,7990000.0,Quốc tế (Không khoá mạng),Đã sử dụng (chưa sửa chữa),Đã sửa chữa,Mỹ (LL/A),128.0,91%,90-94%,7-12 tháng
iPhone 13,8200000.0,Quốc tế (Không khoá mạng),Đã sử dụng (chưa sửa chữa),Đã sửa chữa,,128.0,85%,85-89%,
iPhone 13,7900000.0,Quốc tế (Không khoá mạng),Đã sử dụng (chưa sửa chữa),Đã sửa chữa,Việt Nam,128.0,91%,90-94%,2 tháng
iPhone 13,7300000.0,Quốc tế (Không khoá mạng),Đã sử dụng (chưa sửa chữa),Đã sửa chữa,Chính hãng VN (VNA),256.0,94%,90-94%,Còn bảo hành
iPhone 13,5650000.0,Quốc tế (Không khoá mạng),Đã sử dụng (chưa sửa chữa),Màn thay,Mỹ (LL/A),256.0,93%,90-94%,4-6 tháng
iPhone 13,7999000.0,,Đã sử dụng (chưa sửa chữa),Pin thay,Mỹ (LL/A),128.0,91%,90-94%,4-6 tháng
iPhone 13,7900000.0,Quốc tế (Không khoá mạng),Đã sử dụng (chưa sửa chữa),Đã sửa chữa,Việt Nam,128.0,89%,85-89%,7-12 tháng
iPhone 13,8300000.0,Quốc tế (Không khoá mạng),Đã sử dụng (chưa sửa chữa),Pin thay,Việt Nam,256.0,93%,90-94%,3 tháng
iPhone 13,9999000.0,Quốc tế (Không khoá mạng),Đã sử dụng (chưa sửa chữa),Đã sửa chữa,Mỹ (LL/A),256.0,92%,90-94%,Hết bảo hành
iPhone 13,8000000.0,,Đã sử dụng (chưa sửa chữa),Đã sửa chữa,Việt Nam,128.0,90%,90-94%,
iPhone 13,4000000.0,Khóa mạng (Lock),Đã sử dụng (chưa sửa chữa),Đã sửa chữa,,128.0,86%,85-89%,
iPhone 13,6500000.0,Quốc tế (Không khoá mạng),Đã sửa chữa / thay linh kiện,Pin thay,Trung Quốc,128.0,89%,85-89%,Hết bảo hành
iPhone 13,8500000.0,Quốc tế (Không khoá mạng),Đã sử dụng (chưa sửa chữa),Đã sửa chữa,,128.0,100%,100%,
iPhone 13,6200000.0,Quốc tế (Không khoá mạng),Đã sử dụng (chưa sửa chữa),Pin thay,Chính hãng VN (VNA),128.0,95%,90-94%,1 tháng
iPhone 13,5800000.0,,Đã sử dụng (chưa sửa chữa),Màn thay,Việt Nam,128.0,90%,85-89%,
iPhone 13,6900000.0,Quốc tế (Không khoá mạng),Đã sử dụng (chưa sửa chữa),Đã sửa chữa,Mỹ (LL/A),128.0,95%,95-96%,4-6 tháng
iPhone 13,6000000.0,Quốc tế (Không khoá mạng),Đã sử dụng (chưa sửa chữa),Đã sửa chữa,,128.0,100%,100%,
iPhone 13,3990000.0,,Đã sửa chữa / thay linh kiện,Màn thay,,128.0,87%,85-89%,Còn bảo hành
iPhone 13,5999999.0,Quốc tế (Không khoá mạng),Đã sử dụng (chưa sửa chữa),Đã sửa chữa,Chính hãng VN (VNA),128.0,99%,97-99%,
iPhone 13,6200000.0,Quốc tế (Không khoá mạng),Đã sử dụng (chưa sửa chữa),Đã sửa chữa,Mỹ (LL/A),128.0,92%,90-94%,Hết bảo hành
iPhone 13,6200000.0,Quốc tế (Không khoá mạng),Đã sử dụng (chưa sửa chữa),Đã sửa chữa,,128.0,92%,90-94%,1 tháng
iPhone 13,6200000.0,Quốc tế (Không khoá mạng),Đã sử dụng (chưa sửa chữa),Đã sửa chữa,,128.0,100%,100%,
iPhone 13,5950000.0,Quốc tế (Không khoá mạng),Đã sử dụng (chưa sửa chữa),Đã sửa chữa,Việt Nam,128.0,92%,90-94%,Hết bảo hành
iPhone 13,7400000.0,Quốc tế (Không khoá mạng),Đã sử dụng (chưa sửa chữa),Đã sửa chữa,Việt Nam,128.0,81%,80-84%,
iPhone 13,8590000.0,Quốc tế (Không khoá mạng),Đã sử dụng (chưa sửa chữa),Pin thay,Mỹ (LL/A),256.0,95%,95-96%,4-6 tháng
iPhone 13,6300000.0,,Đã sửa chữa / thay linh kiện,Pin thay,Việt Nam,128.0,88%,85-89%,Hết bảo hành
iPhone 13,6000000.0,Quốc tế (Không khoá mạng),Đã sử dụng (chưa sửa chữa),Đã sửa chữa,Trung Quốc,128.0,100%,100%,Hết bảo hành
iPhone 13,5500000.0,,Đã sửa chữa / thay linh kiện,Đã sửa chữa,,128.0,90%,90-94%,
iPhone 13,7200000.0,Quốc tế (Không khoá mạng),Đã sử dụng (chưa sửa chữa),Đã sửa chữa,Việt Nam,128.0,100%,100%,1 tháng
iPhone 13,4000000.0,Khóa mạng (Lock),Đã sử dụng (chưa sửa chữa),Đã sửa chữa,,128.0,83%,80-84%,Hết bảo hành
iPhone 13,5750000.0,Quốc tế (Không khoá mạng),Đã sử dụng (chưa sửa chữa),Đã sửa chữa,,128.0,89%,85-89%,
iPhone 13,7990000.0,Quốc tế (Không khoá mạng),Đã sử dụng (chưa sửa chữa),Màn thay,Việt Nam,128.0,91%,90-94%,
iPhone 13,8500000.0,Quốc tế (Không khoá mạng),Đã sử dụng (chưa sửa chữa),Đã sửa chữa,Việt Nam,128.0,93%,90-94%,Hết bảo hành
iPhone 13,7250000.0,,Mới,Zin không trầy xước,Việt Nam,128.0,100%,100%,Còn bảo hành
iPhone 13,8300000.0,Quốc tế (Không khoá mạng),Đã sử dụng (chưa sửa chữa),Đã sửa chữa,Mỹ (LL/A),128.0,100%,100%,Còn bảo hành
iPhone 13,4850000.0,Khóa mạng (Lock),Đã sử dụng (chưa sửa chữa),Đã sửa chữa,Mỹ (LL/A),128.0,80%,80-84%,
iPhone 13,4900000.0,Khóa mạng (Lock),Đã sử dụng (chưa sửa chữa),Đã sửa chữa,Mỹ (LL/A),128.0,90%,85-89%,
iPhone 13,7990000.0,Quốc tế (Không khoá mạng),Đã sử dụng (chưa sửa chữa),Pin thay,Mỹ (LL/A),128.0,91%,90-94%,>12 tháng
iPhone 13,4700000.0,Quốc tế (Không khoá mạng),Đã sử dụng (chưa sửa chữa),Đã sửa chữa,Mỹ (LL/A),128.0,92%,90-94%,
iPhone 13,5690000.0,Quốc tế (Không khoá mạng),Đã sử dụng (chưa sửa chữa),Đã sửa chữa,Việt Nam,128.0,85%,85-89%,7-12 tháng
iPhone 13,6200000.0,Quốc tế (Không khoá mạng),Đã sử dụng (chưa sửa chữa),Đã sửa chữa,Chính hãng VN (VNA),128.0,81%,80-84%,3 tháng
iPhone 13,6390000.0,Khóa mạng (Lock),Mới,Zin không trầy xước,Mỹ (LL/A),128.0,100%,100%,
iPhone 13,6500000.0,Quốc tế (Không khoá mạng),Đã sử dụng (chưa sửa chữa),Đã sửa chữa,Việt Nam,128.0,89%,85-89%,Hết bảo hành
iPhone 13,6000000.0,,Đã sử dụng (chưa sửa chữa),Màn thay,Việt Nam,128.0,94%,90-94%,Hết bảo hành
iPhone 13,6700000.0,,Đã sử dụng (chưa sửa chữa),Đã sửa chữa,,128.0,90%,90-94%,
iPhone 13,7500000.0,,Đã sử dụng (chưa sửa chữa),Đã sửa chữa,Việt Nam,128.0,78%,Dưới 80%,Hết bảo hành
iPhone 13,8000000.0,Quốc tế (Không khoá mạng),Đã sử dụng (chưa sửa chữa),Đã sửa chữa,Mỹ (LL/A),128.0,90%,90-94%,Hết bảo hành
iPhone 13,6500000.0,Quốc tế (Không khoá mạng),Đã sử dụng (chưa sửa chữa),Đã sửa chữa,,128.0,75%,Dưới 80%,
iPhone 13,8500000.0,,Đã sử dụng (chưa sửa chữa),Đã sửa chữa,,128.0,100%,100%,>12 tháng
iPhone 13,8800000.0,Quốc tế (Không khoá mạng),Đã sử dụng (chưa sửa chữa),Đã sửa chữa,Việt Nam,128.0,100%,100%,3 tháng
iPhone 13,8500000.0,,Đã sử dụng (chưa sửa chữa),Đã sửa chữa,,128.0,93%,90-94%,>12 tháng
iPhone 13,7100000.0,Quốc tế (Không khoá mạng),Đã sử dụng (chưa sửa chữa),Đã sửa chữa,Trung Quốc,64.0,92%,90-94%,Hết bảo hành
iPhone 13,5999999.0,Quốc tế (Không khoá mạng),Đã sử dụng (chưa sửa chữa),Đã sửa chữa,Việt Nam,128.0,94%,90-94%,
iPhone 13,6800000.0,Quốc tế (Không khoá mạng),Đã sử dụng (chưa sửa chữa),Đã sửa chữa,,128.0,100%,100%,>12 tháng
iPhone 13,7800000.0,Quốc tế (Không khoá mạng),Đã sử dụng (chưa sửa chữa),Đã sửa chữa,Nhật Bản,128.0,91%,90-94%,4-6 tháng
iPhone 13,3500000.0,Quốc tế (Không khoá mạng),Đã sử dụng (chưa sửa chữa),Màn thay,Không rõ,128.0,88%,85-89%,1 tháng
iPhone 13,5950000.0,Quốc tế (Không khoá mạng),Đã sử dụng (chưa sửa chữa),Đã sửa chữa,Chính hãng VN (VNA),128.0,100%,100%,3 tháng
iPhone 13 Mini,7300000.0,,Đã sử dụng (chưa sửa chữa),Đã sửa chữa,,128.0,100%,100%,4-6 tháng
iPhone 13 Mini,6700000.0,Quốc tế (Không khoá mạng),Đã sử dụng (chưa sửa chữa),Đã sửa chữa,Trung Quốc,128.0,91%,90-94%,4-6 tháng
iPhone 13 Mini,6400000.0,,Đã sử dụng (chưa sửa chữa),Pin thay,Chính hãng VN (VNA),256.0,100%,100%,4-6 tháng
iPhone 13 Mini,7500000.0,Quốc tế (Không khoá mạng),Đã sử dụng (chưa sửa chữa),Đã sửa chữa,Chính hãng VN (VNA),128.0,100%,100%,4-6 tháng
iPhone 13 Mini,6250000.0,,Đã sử dụng (chưa sửa chữa),Đã sửa chữa,,128.0,92%,90-94%,
iPhone 13 Mini,5700000.0,Quốc tế (Không khoá mạng),Đã sử dụng (chưa sửa chữa),Đã sửa chữa,Chính hãng VN (VNA),128.0,79%,Dưới 80%,Hết bảo hành
iPhone 13 Mini,6900000.0,,Đã sử dụng (chưa sửa chữa),Đã sửa chữa,,128.0,100%,100%,
iPhone 13 Mini,7200000.0,Quốc tế (Không khoá mạng),Đã sử dụng (chưa sửa chữa),Pin thay,Việt Nam,128.0,100%,100%,Hết bảo hành
iPhone 13 Mini,4850000.0,Quốc tế (Không khoá mạng),Đã sử dụng (chưa sửa chữa),Màn thay,,128.0,90%,90-94%,
iPhone 13 Mini,4990000.0,Quốc tế (Không khoá mạng),Đã sử dụng (chưa sửa chữa),Đã sửa chữa,,128.0,100%,100%,
iPhone 13 Mini,6400000.0,,Đã sử dụng (chưa sửa chữa),Đã sửa chữa,,128.0,92%,90-94%,
iPhone 13 Mini,6699000.0,Quốc tế (Không khoá mạng),Đã sử dụng (chưa sửa chữa),Pin thay,Chính hãng VN (VNA),256.0,94%,90-94%,7-12 tháng
iPhone 13 Mini,6200000.0,Quốc tế (Không khoá mạng),Đã sử dụng (chưa sửa chữa),Đã sửa chữa,Việt Nam,128.0,87%,85-89%,2 tháng
iPhone 13 Pro,10000000.0,Quốc tế (Không khoá mạng),Đã sử dụng (chưa sửa chữa),Đã sửa chữa,Việt Nam,256.0,81%,80-84%,Hết bảo hành
iPhone 13 Pro,7900000.0,Quốc tế (Không khoá mạng),Đã sử dụng (chưa sửa chữa),Đã sửa chữa,Nhật Bản,128.0,100%,100%,3 tháng
iPhone 13 Pro,6900000.0,Quốc tế (Không khoá mạng),Đã sửa chữa / thay linh kiện,Đã sửa chữa,Việt Nam,128.0,89%,85-89%,
iPhone 13 Pro,7500000.0,Quốc tế (Không khoá mạng),Đã sử dụng (chưa sửa chữa),Đã sửa chữa,Việt Nam,128.0,73%,Dưới 80%,Hết bảo hành
iPhone 13 Pro,7900000.0,,Đã sử dụng (chưa sửa chữa),Đã sửa chữa,Mỹ (LL/A),256.0,92%,90-94%,
iPhone 13 Pro,7500000.0,Quốc tế (Không khoá mạng),Đã sử dụng (chưa sửa chữa),Đã sửa chữa,Mỹ (LL/A),128.0,88%,85-89%,4-6 tháng
iPhone 13 Pro,6300000.0,Quốc tế (Không khoá mạng),Đã sử dụng (chưa sửa chữa),Đã sửa chữa,Chính hãng VN (VNA),128.0,90%,90-94%,
iPhone 13 Pro,8500000.0,Quốc tế (Không khoá mạng),Đã sử dụng (chưa sửa chữa),Pin thay,Việt Nam,256.0,88%,85-89%,
iPhone 13 Pro,8300000.0,Quốc tế (Không khoá mạng),Đã sử dụng (chưa sửa chữa),Đã sửa chữa,Việt Nam,128.0,88%,85-89%,Còn bảo hành
iPhone 13 Pro,8300000.0,Quốc tế (Không khoá mạng),Đã sử dụng (chưa sửa chữa),Đã sửa chữa,Việt Nam,128.0,88%,85-89%,Còn bảo hành
iPhone 13 Pro,9350000.0,,Đã sử dụng (chưa sửa chữa),Đã sửa chữa,Việt Nam,256.0,90%,90-94%,>12 tháng
iPhone 13 Pro,6500000.0,,Đã sử dụng (chưa sửa chữa),Đã sửa chữa,Mỹ (LL/A),128.0,86%,85-89%,
iPhone 13 Pro,6200000.0,Quốc tế (Không khoá mạng),Đã sử dụng (chưa sửa chữa),Màn thay,Việt Nam,128.0,86%,85-89%,3 tháng
iPhone 13 Pro,7900000.0,Quốc tế (Không khoá mạng),Đã sử dụng (chưa sửa chữa),Đã sửa chữa,Việt Nam,128.0,90%,85-89%,
iPhone 13 Pro,6200000.0,,Đã sử dụng (chưa sửa chữa),Đã sửa chữa,,256.0,91%,90-94%,
iPhone 13 Pro,7999999.0,Quốc tế (Không khoá mạng),Đã sử dụng (chưa sửa chữa),Đã sửa chữa,,512.0,91%,90-94%,Còn bảo hành
iPhone 13 Pro,8000000.0,Quốc tế (Không khoá mạng),Đã sử dụng (chưa sửa chữa),Đã sửa chữa,,256.0,90%,90-94%,7-12 tháng
iPhone 13 Pro,8500000.0,Quốc tế (Không khoá mạng),Đã sử dụng (chưa sửa chữa),Pin thay,Việt Nam,256.0,88%,85-89%,3 tháng
iPhone 13 Pro,7895000.0,,Đã sử dụng (chưa sửa chữa),Đã sửa chữa,,128.0,90%,85-89%,7-12 tháng
iPhone 13 Pro Max,7800000.0,,Đã sử dụng (chưa sửa chữa),Pin thay,,128.0,100%,100%,
iPhone 13 Pro Max,8500000.0,Quốc tế (Không khoá mạng),Đã sử dụng (chưa sửa chữa),Đã sửa chữa,Việt Nam,256.0,77%,Dưới 80%,
iPhone 13 Pro Max,9200000.0,,Đã sử dụng (chưa sửa chữa),Pin thay,,256.0,91%,90-94%,Hết bảo hành
iPhone 13 Pro Max,7500000.0,Quốc tế (Không khoá mạng),Đã sử dụng (chưa sửa chữa),Đã sửa chữa,,128.0,91%,90-94%,
iPhone 13 Pro Max,8950000.0,,Đã sử dụng (chưa sửa chữa),Đã sửa chữa,Mỹ (LL/A),128.0,91%,90-94%,
iPhone 13 Pro Max,6500000.0,Quốc tế (Không khoá mạng),Đã sử dụng (chưa sửa chữa),Màn thay,,128.0,89%,85-89%,
iPhone 13 Pro Max,11500000.0,,Đã sử dụng (chưa sửa chữa),Pin thay,Mỹ (LL/A),256.0,100%,100%,Hết bảo hành
iPhone 13 Pro Max,9500000.0,Quốc tế (Không khoá mạng),Đã sử dụng (chưa sửa chữa),Đã sửa chữa,Việt Nam,256.0,100%,100%,Còn bảo hành
iPhone 13 Pro Max,8000000.0,Quốc tế (Không khoá mạng),Đã sử dụng (chưa sửa chữa),"Màn thay, Pin thay",,128.0,92%,90-94%,
iPhone 13 Pro Max,6700000.0,Quốc tế (Không khoá mạng),Đã sử dụng (chưa sửa chữa),Màn thay,,256.0,99%,97-99%,Còn bảo hành
iPhone 13 Pro Max,6899000.0,Khóa mạng (Lock),Đã sử dụng (chưa sửa chữa),Đã sửa chữa,Việt Nam,256.0,94%,90-94%,
iPhone 13 Pro Max,8500000.0,Quốc tế (Không khoá mạng),Đã sử dụng (chưa sửa chữa),Đã sửa chữa,Việt Nam,128.0,74%,Dưới 80%,Hết bảo hành
iPhone 13 Pro Max,7850000.0,Quốc tế (Không khoá mạng),Đã sử dụng (chưa sửa chữa),Đã sửa chữa,Việt Nam,128.0,92%,90-94%,Hết bảo hành
iPhone 13 Pro Max,10500000.0,Quốc tế (Không khoá mạng),Đã sử dụng (chưa sửa chữa),Đã sửa chữa,Việt Nam,256.0,91%,90-94%,7-12 tháng
iPhone 13 Pro Max,7990000.0,Quốc tế (Không khoá mạng),Đã sử dụng (chưa sửa chữa),Đã sửa chữa,Việt Nam,128.0,91%,90-94%,Còn bảo hành
iPhone 13 Pro Max,8990000.0,Quốc tế (Không khoá mạng),Đã sử dụng (chưa sửa chữa),Đã sửa chữa,,1024.0,91%,90-94%,
iPhone 13 Pro Max,11800000.0,Quốc tế (Không khoá mạng),Đã sử dụng (chưa sửa chữa),Đã sửa chữa,,128.0,91%,90-94%,
iPhone 13 Pro Max,6600000.0,,Đã sử dụng (chưa sửa chữa),Pin thay,,256.0,91%,90-94%,
iPhone 13 Pro Max,7900000.0,Quốc tế (Không khoá mạng),Đã sử dụng (chưa sửa chữa),Đã sửa chữa,Mỹ (LL/A),128.0,92%,90-94%,
iPhone 13 Pro Max,5500000.0,,Đã sử dụng (chưa sửa chữa),Màn thay,Chính hãng VN (VNA),128.0,100%,100%,Còn bảo hành
iPhone 13 Pro Max,8500000.0,Quốc tế (Không khoá mạng),Đã sử dụng (chưa sửa chữa),Đã sửa chữa,Mỹ (LL/A),128.0,90%,90-94%,Còn bảo hành
iPhone 13 Pro Max,9999999.0,Quốc tế (Không khoá mạng),Đã sử dụng (chưa sửa chữa),Đã sửa chữa,,256.0,90%,85-89%,
iPhone 13 Pro Max,7800000.0,,Đã sử dụng (chưa sửa chữa),Đã sửa chữa,,128.0,92%,90-94%,
iPhone 13 Pro Max,10450000.0,Quốc tế (Không khoá mạng),Đã sử dụng (chưa sửa chữa),Đã sửa chữa,Chính hãng VN (VNA),256.0,91%,90-94%,3 tháng
iPhone 13 Pro Max,7550000.0,,Đã sử dụng (chưa sửa chữa),Đã sửa chữa,Việt Nam,128.0,91%,90-94%,
iPhone 13 Pro Max,7300000.0,Quốc tế (Không khoá mạng),Đã sử dụng (chưa sửa chữa),Màn thay,,128.0,91%,90-94%,1 tháng
iPhone 13 Pro Max,8500000.0,Quốc tế (Không khoá mạng),Đã sử dụng (chưa sửa chữa),Đã sửa chữa,Mỹ (LL/A),128.0,89%,85-89%,Còn bảo hành
iPhone 13 Pro Max,8200000.0,,Đã sử dụng (chưa sửa chữa),Đã sửa chữa,Mỹ (LL/A),128.0,90%,90-94%,
iPhone 13 Pro Max,7000000.0,Quốc tế (Không khoá mạng),Đã sử dụng (chưa sửa chữa),Đã sửa chữa,Việt Nam,128.0,91%,90-94%,
iPhone 13 Pro Max,9790000.0,Quốc tế (Không khoá mạng),Đã sử dụng (chưa sửa chữa),Pin thay,Mỹ (LL/A),128.0,90%,85-89%,Còn bảo hành
iPhone 13 Pro Max,8400000.0,Quốc tế (Không khoá mạng),Đã sử dụng (chưa sửa chữa),Pin thay,Việt Nam,128.0,89%,85-89%,
iPhone 13 Pro Max,7290000.0,Quốc tế (Không khoá mạng),Đã sử dụng (chưa sửa chữa),Màn thay,,128.0,91%,90-94%,
iPhone 13 Pro Max,7500000.0,Quốc tế (Không khoá mạng),Đã sử dụng (chưa sửa chữa),Đã sửa chữa,Mỹ (LL/A),128.0,100%,100%,Còn bảo hành
iPhone 13 Pro Max,7400000.0,Quốc tế (Không khoá mạng),Đã sử dụng (chưa sửa chữa),Đã sửa chữa,Việt Nam,128.0,91%,90-94%,
iPhone 13 Pro Max,10000000.0,Quốc tế (Không khoá mạng),Đã sử dụng (chưa sửa chữa),Đã sửa chữa,Mỹ (LL/A),256.0,84%,80-84%,
iPhone 13 Pro Max,7500000.0,Quốc tế (Không khoá mạng),Đã sử dụng (chưa sửa chữa),Đã sửa chữa,Mỹ (LL/A),256.0,97%,97-99%,
iPhone 13 Pro Max,9200000.0,,Đã sử dụng (chưa sửa chữa),Đã sửa chữa,,128.0,93%,90-94%,
iPhone 13 Pro Max,7700000.0,Quốc tế (Không khoá mạng),Đã sử dụng (chưa sửa chữa),Đã sửa chữa,Mỹ (LL/A),128.0,89%,85-89%,Hết bảo hành
iPhone 13 Pro Max,9500000.0,Quốc tế (Không khoá mạng),Đã sử dụng (chưa sửa chữa),Đã sửa chữa,,256.0,90%,90-94%,3 tháng
iPhone 13 Pro Max,11490000.0,Quốc tế (Không khoá mạng),Đã sử dụng (chưa sửa chữa),Đã sửa chữa,Mỹ (LL/A),128.0,95%,95-96%,4-6 tháng
iPhone 13 Pro Max,6990000.0,Quốc tế (Không khoá mạng),Đã sử dụng (chưa sửa chữa),Đã sửa chữa,Mỹ (LL/A),128.0,90%,90-94%,Còn bảo hành
iPhone 13 Pro Max,10900000.0,Quốc tế (Không khoá mạng),Đã sử dụng (chưa sửa chữa),Đã sửa chữa,Mỹ (LL/A),128.0,91%,90-94%,7-12 tháng
iPhone 13 Pro Max,8500000.0,Quốc tế (Không khoá mạng),Đã sử dụng (chưa sửa chữa),Đã sửa chữa,Việt Nam,128.0,100%,100%,1 tháng
iPhone 13 Pro Max,9800000.0,Quốc tế (Không khoá mạng),Đã sử dụng (chưa sửa chữa),Đã sửa chữa,,128.0,83%,80-84%,
iPhone 13 Pro Max,6200000.0,Quốc tế (Không khoá mạng),Đã sử dụng (chưa sửa chữa),Đã sửa chữa,,128.0,90%,85-89%,
iPhone 13 Pro Max,10000000.0,,Đã sử dụng (chưa sửa chữa),Đã sửa chữa,Việt Nam,128.0,75%,Dưới 80%,
iPhone 13 Pro Max,8500000.0,,Đã sử dụng (chưa sửa chữa),Màn thay,Việt Nam,128.0,99%,97-99%,
iPhone 13 Pro Max,8950000.0,Quốc tế (Không khoá mạng),Đã sử dụng (chưa sửa chữa),Đã sửa chữa,,128.0,85%,85-89%,
iPhone 13 Pro Max,8500000.0,,Đã sử dụng (chưa sửa chữa),Đã sửa chữa,,128.0,89%,85-89%,
iPhone 13 Pro Max,9500000.0,Quốc tế (Không khoá mạng),Đã sử dụng (chưa sửa chữa),Đã sửa chữa,Mỹ (LL/A),128.0,93%,90-94%,Hết bảo hành
iPhone 13 Pro Max,6500000.0,Khóa mạng (Lock),Đã sử dụng (chưa sửa chữa),Pin thay,,128.0,74%,Dưới 80%,
iPhone 13 Pro Max,6800000.0,Quốc tế (Không khoá mạng),Đã sử dụng (chưa sửa chữa),Màn thay,,128.0,100%,100%,4-6 tháng
iPhone 13 Pro Max,13500000.0,,Đã sử dụng (chưa sửa chữa),Đã sửa chữa,Mỹ (LL/A),128.0,91%,90-94%,7-12 tháng
iPhone 13 Pro Max,8500000.0,,Đã sử dụng (chưa sửa chữa),Pin thay,,128.0,89%,85-89%,
iPhone 13 Pro Max,9800000.0,Quốc tế (Không khoá mạng),Đã sử dụng (chưa sửa chữa),Đã sửa chữa,,256.0,90%,90-94%,Hết bảo hành
iPhone 13 Pro Max,7900000.0,Quốc tế (Không khoá mạng),Đã sử dụng (chưa sửa chữa),Đã sửa chữa,Việt Nam,256.0,94%,90-94%,
iPhone 13 Pro Max,9500000.0,Quốc tế (Không khoá mạng),Đã sử dụng (chưa sửa chữa),Đã sửa chữa,Mỹ (LL/A),256.0,100%,100%,Còn bảo hành
iPhone 13 Pro Max,9000000.0,Quốc tế (Không khoá mạng),Đã sử dụng (chưa sửa chữa),Đã sửa chữa,Mỹ (LL/A),256.0,91%,90-94%,4-6 tháng
iPhone 13 Pro Max,7000000.0,Quốc tế (Không khoá mạng),Đã sử dụng (chưa sửa chữa),Màn thay,Mỹ (LL/A),128.0,91%,90-94%,3 tháng
iPhone 13 Pro Max,8900000.0,Quốc tế (Không khoá mạng),Đã sử dụng (chưa sửa chữa),Đã sửa chữa,Mỹ (LL/A),128.0,100%,100%,Còn bảo hành
iPhone 13 Pro Max,9500000.0,Quốc tế (Không khoá mạng),Đã sử dụng (chưa sửa chữa),Đã sửa chữa,Mỹ (LL/A),256.0,82%,80-84%,
iPhone 13 Pro Max,12900000.0,,Đã sử dụng (chưa sửa chữa),Pin thay,Mỹ (LL/A),512.0,92%,90-94%,4-6 tháng
iPhone 13 Pro Max,9000000.0,Quốc tế (Không khoá mạng),Đã sử dụng (chưa sửa chữa),Đã sửa chữa,Việt Nam,128.0,91%,90-94%,
iPhone 13 Pro Max,8500000.0,,Đã sử dụng (chưa sửa chữa),Đã sửa chữa,,256.0,82%,80-84%,
iPhone 13 Pro Max,5990000.0,Quốc tế (Không khoá mạng),Đã sử dụng (chưa sửa chữa),Đã sửa chữa,Việt Nam,128.0,87%,85-89%,Hết bảo hành
iPhone 13 Pro Max,8800000.0,Quốc tế (Không khoá mạng),Đã sử dụng (chưa sửa chữa),Đã sửa chữa,Mỹ (LL/A),128.0,100%,100%,4-6 tháng
iPhone 13 Pro Max,7000000.0,,Đã sử dụng (chưa sửa chữa),Đã sửa chữa,,128.0,84%,80-84%,
iPhone 13 Pro Max,10300000.0,Quốc tế (Không khoá mạng),Đã sử dụng (chưa sửa chữa),Đã sửa chữa,,256.0,90%,90-94%,
iPhone 13 Pro Max,7399000.0,Quốc tế (Không khoá mạng),Đã sử dụng (chưa sửa chữa),Màn thay,Mỹ (LL/A),128.0,91%,90-94%,Hết bảo hành
iPhone 13 Pro Max,7900000.0,Quốc tế (Không khoá mạng),Đã sử dụng (chưa sửa chữa),Pin thay,,128.0,92%,90-94%,
iPhone 13 Pro Max,9000000.0,Quốc tế (Không khoá mạng),Đã sử dụng (chưa sửa chữa),Đã sửa chữa,Việt Nam,256.0,91%,90-94%,Hết bảo hành
iPhone 13 Pro Max,7500000.0,Quốc tế (Không khoá mạng),Đã sửa chữa / thay linh kiện,"Màn thay, Pin thay",,128.0,91%,90-94%,
iPhone 13 Pro Max,8950000.0,Quốc tế (Không khoá mạng),Đã sử dụng (chưa sửa chữa),Đã sửa chữa,Mỹ (LL/A),512.0,90%,90-94%,Còn bảo hành
iPhone 13 Pro Max,8600000.0,Quốc tế (Không khoá mạng),Đã sử dụng (chưa sửa chữa),Đã sửa chữa,Mỹ (LL/A),128.0,89%,85-89%,
iPhone 13 Pro Max,8999000.0,Quốc tế (Không khoá mạng),Đã sử dụng (chưa sửa chữa),Đã sửa chữa,Việt Nam,128.0,91%,90-94%,
iPhone 13 Pro Max,8500000.0,Quốc tế (Không khoá mạng),Đã sử dụng (chưa sửa chữa),Đã sửa chữa,,128.0,89%,85-89%,3 tháng
iPhone 13 Pro Max,8200000.0,Quốc tế (Không khoá mạng),Đã sửa chữa / thay linh kiện,Đã sửa chữa,,128.0,90%,90-94%,
iPhone 13 Pro Max,8400000.0,Quốc tế (Không khoá mạng),Đã sử dụng (chưa sửa chữa),Đã sửa chữa,Việt Nam,128.0,77%,Dưới 80%,Hết bảo hành
iPhone 13 Pro Max,10500000.0,Quốc tế (Không khoá mạng),Đã sử dụng (chưa sửa chữa),Pin thay,Việt Nam,256.0,91%,90-94%,3 tháng
iPhone 13 Pro Max,7400000.0,Quốc tế (Không khoá mạng),Đã sử dụng (chưa sửa chữa),Đã sửa chữa,Việt Nam,256.0,93%,90-94%,
iPhone 13 Pro Max,8200000.0,Quốc tế (Không khoá mạng),Đã sử dụng (chưa sửa chữa),Đã sửa chữa,Mỹ (LL/A),128.0,100%,100%,3 tháng
iPhone 13 Pro Max,5500000.0,Quốc tế (Không khoá mạng),Đã sử dụng (chưa sửa chữa),Đã sửa chữa,,256.0,94%,90-94%,
iPhone 13 Pro Max,7000000.0,,Đã sử dụng (chưa sửa chữa),Pin thay,Việt Nam,128.0,91%,90-94%,
iPhone 13 Pro Max,10200000.0,Quốc tế (Không khoá mạng),Đã sử dụng (chưa sửa chữa),Đã sửa chữa,Việt Nam,256.0,88%,85-89%,3 tháng
iPhone 13 Pro Max,8800000.0,Quốc tế (Không khoá mạng),Đã sử dụng (chưa sửa chữa),Đã sửa chữa,Mỹ (LL/A),128.0,73%,Dưới 80%,3 tháng
iPhone 14,7300000.0,Quốc tế (Không khoá mạng),Đã sử dụng (chưa sửa chữa),Đã sửa chữa,,128.0,88%,85-89%,
iPhone 14,9300000.0,Quốc tế (Không khoá mạng),Đã sử dụng (chưa sửa chữa),Đã sửa chữa,Việt Nam,128.0,91%,90-94%,4-6 tháng
iPhone 14,8000000.0,Quốc tế (Không khoá mạng),Đã sử dụng (chưa sửa chữa),Đã sửa chữa,Việt Nam,128.0,90%,90-94%,Hết bảo hành
iPhone 14,9600000.0,Quốc tế (Không khoá mạng),Đã sử dụng (chưa sửa chữa),Đã sửa chữa,Việt Nam,128.0,91%,90-94%,4-6 tháng
iPhone 14,9800000.0,Quốc tế (Không khoá mạng),Đã sử dụng (chưa sửa chữa),Đã sửa chữa,Mỹ (LL/A),128.0,91%,90-94%,7-12 tháng
iPhone 14,9500000.0,,Đã sử dụng (chưa sửa chữa),Đã sửa chữa,Việt Nam,128.0,100%,100%,4-6 tháng
iPhone 14,9500000.0,Quốc tế (Không khoá mạng),Đã sử dụng (chưa sửa chữa),Pin thay,Việt Nam,128.0,91%,90-94%,3 tháng
iPhone 14,11900000.0,,Đã sử dụng (chưa sửa chữa),Đã sửa chữa,Chính hãng VN (VNA),128.0,100%,100%,>12 tháng
iPhone 14,8500000.0,Quốc tế (Không khoá mạng),Đã sử dụng (chưa sửa chữa),Đã sửa chữa,Mỹ (LL/A),128.0,89%,85-89%,7-12 tháng
iPhone 14,8500000.0,Quốc tế (Không khoá mạng),Đã sử dụng (chưa sửa chữa),Màn thay,Trung Quốc,128.0,89%,85-89%,Hết bảo hành
iPhone 14,9800000.0,Quốc tế (Không khoá mạng),Đã sử dụng (chưa sửa chữa),Đã sửa chữa,Việt Nam,128.0,92%,90-94%,>12 tháng
iPhone 14,8100000.0,Quốc tế (Không khoá mạng),Đã sử dụng (chưa sửa chữa),Đã sửa chữa,,128.0,79%,Dưới 80%,Còn bảo hành
iPhone 14,6990000.0,Khóa mạng (Lock),Đã sử dụng (chưa sửa chữa),Đã sửa chữa,Mỹ (LL/A),128.0,90%,90-94%,
iPhone 14,7850000.0,Khóa mạng (Lock),Đã sử dụng (chưa sửa chữa),Đã sửa chữa,Chính hãng VN (VNA),128.0,99%,97-99%,Hết bảo hành
iPhone 14,11909000.0,,Đã sử dụng (chưa sửa chữa),Đã sửa chữa,,128.0,90%,90-94%,
iPhone 14,7800000.0,,Đã sử dụng (chưa sửa chữa),Đã sửa chữa,,256.0,94%,90-94%,
iPhone 14,9500000.0,,Đã sử dụng (chưa sửa chữa),Đã sửa chữa,,128.0,91%,90-94%,7-12 tháng
iPhone 14,6550000.0,Khóa mạng (Lock),Đã sử dụng (chưa sửa chữa),Đã sửa chữa,,128.0,86%,85-89%,
iPhone 14 Plus,5800000.0,Quốc tế (Không khoá mạng),Đã sử dụng (chưa sửa chữa),Màn thay,Mỹ (LL/A),128.0,88%,85-89%,4-6 tháng
iPhone 14 Plus,8500000.0,Quốc tế (Không khoá mạng),Đã sử dụng (chưa sửa chữa),Đã sửa chữa,,128.0,89%,85-89%,
iPhone 14 Plus,9000000.0,Quốc tế (Không khoá mạng),Đã sử dụng (chưa sửa chữa),Đã sửa chữa,Việt Nam,128.0,91%,90-94%,Còn bảo hành
iPhone 14 Plus,6890000.0,Quốc tế (Không khoá mạng),Đã sử dụng (chưa sửa chữa),Pin thay,Mỹ (LL/A),128.0,90%,90-94%,
iPhone 14 Plus,11600000.0,Quốc tế (Không khoá mạng),Đã sử dụng (chưa sửa chữa),Đã sửa chữa,Mỹ (LL/A),256.0,92%,90-94%,3 tháng
iPhone 14 Plus,8500000.0,Quốc tế (Không khoá mạng),Đã sử dụng (chưa sửa chữa),Màn thay,Mỹ (LL/A),128.0,89%,85-89%,4-6 tháng
iPhone 14 Plus,5800000.0,,Đã sử dụng (chưa sửa chữa),Màn thay,,128.0,89%,85-89%,4-6 tháng
iPhone 14 Plus,5990000.0,Quốc tế (Không khoá mạng),Đã sử dụng (chưa sửa chữa),Đã sửa chữa,,128.0,89%,85-89%,
iPhone 14 Plus,5550000.0,Quốc tế (Không khoá mạng),Đã sử dụng (chưa sửa chữa),Màn thay,Mỹ (LL/A),128.0,89%,85-89%,3 tháng
iPhone 14 Plus,7850000.0,Quốc tế (Không khoá mạng),Đã sử dụng (chưa sửa chữa),Đã sửa chữa,,128.0,86%,85-89%,
iPhone 14 Plus,7700000.0,Quốc tế (Không khoá mạng),Đã sửa chữa / thay linh kiện,Màn thay,Mỹ (LL/A),256.0,92%,90-94%,3 tháng
iPhone 14 Plus,7999000.0,,Đã sử dụng (chưa sửa chữa),Màn thay,Mỹ (LL/A),128.0,82%,80-84%,3 tháng
iPhone 14 Plus,7700000.0,Quốc tế (Không khoá mạng),Đã sử dụng (chưa sửa chữa),Đã sửa chữa,Mỹ (LL/A),128.0,89%,85-89%,
iPhone 14 Plus,7999999.0,Quốc tế (Không khoá mạng),Đã sử dụng (chưa sửa chữa),Đã sửa chữa,Mỹ (LL/A),128.0,100%,100%,
iPhone 14 Plus,9500000.0,Quốc tế (Không khoá mạng),Đã sử dụng (chưa sửa chữa),Đã sửa chữa,,128.0,91%,90-94%,
iPhone 14 Plus,5950000.0,Quốc tế (Không khoá mạng),Đã sử dụng (chưa sửa chữa),Đã sửa chữa,Mỹ (LL/A),128.0,88%,85-89%,
iPhone 14 Plus,9600000.0,,Đã sử dụng (chưa sửa chữa),Đã sửa chữa,Việt Nam,128.0,91%,90-94%,
iPhone 14 Plus,10500000.0,Quốc tế (Không khoá mạng),Đã sử dụng (chưa sửa chữa),Đã sửa chữa,Mỹ (LL/A),128.0,91%,90-94%,7-12 tháng
iPhone 14 Plus,7600000.0,Quốc tế (Không khoá mạng),Đã sử dụng (chưa sửa chữa),Đã sửa chữa,Mỹ (LL/A),256.0,92%,90-94%,Hết bảo hành
iPhone 14 Plus,6990000.0,Quốc tế (Không khoá mạng),Đã sử dụng (chưa sửa chữa),Đã sửa chữa,,256.0,92%,90-94%,
iPhone 14 Plus,9500000.0,,Đã sử dụng (chưa sửa chữa),Đã sửa chữa,Việt Nam,128.0,83%,80-84%,Hết bảo hành
iPhone 14 Plus,10950000.0,Quốc tế (Không khoá mạng),Đã sử dụng (chưa sửa chữa),Đã sửa chữa,Chính hãng VN (VNA),256.0,81%,80-84%,Hết bảo hành
iPhone 14 Plus,9999000.0,Quốc tế (Không khoá mạng),Đã sử dụng (chưa sửa chữa),Đã sửa chữa,Mỹ (LL/A),128.0,87%,85-89%,Hết bảo hành
iPhone 14 Plus,8960000.0,Quốc tế (Không khoá mạng),Đã sử dụng (chưa sửa chữa),Đã sửa chữa,Mỹ (LL/A),256.0,91%,90-94%,Hết bảo hành
iPhone 14 Plus,10200000.0,,Đã sử dụng (chưa sửa chữa),Đã sửa chữa,Mỹ (LL/A),128.0,100%,100%,>12 tháng
iPhone 14 Plus,7999000.0,Quốc tế (Không khoá mạng),Đã sử dụng (chưa sửa chữa),Đã sửa chữa,,128.0,91%,90-94%,
iPhone 14 Plus,10990000.0,Quốc tế (Không khoá mạng),Đã sử dụng (chưa sửa chữa),Đã sửa chữa,Chính hãng VN (VNA),128.0,96%,95-96%,Hết bảo hành
iPhone 14 Plus,10500000.0,Quốc tế (Không khoá mạng),Đã sử dụng (chưa sửa chữa),Đã sửa chữa,Nhật Bản,128.0,87%,85-89%,3 tháng
iPhone 14 Plus,11500000.0,Quốc tế (Không khoá mạng),Đã sử dụng (chưa sửa chữa),Đã sửa chữa,Mỹ (LL/A),128.0,92%,90-94%,7-12 tháng
iPhone 14 Plus,10500000.0,Quốc tế (Không khoá mạng),Đã sử dụng (chưa sửa chữa),Pin thay,Mỹ (LL/A),128.0,91%,90-94%,>12 tháng
iPhone 14 Plus,9800000.0,Quốc tế (Không khoá mạng),Đã sử dụng (chưa sửa chữa),Đã sửa chữa,Mỹ (LL/A),128.0,91%,90-94%,
iPhone 14 Plus,6900000.0,Khóa mạng (Lock),Mới,Zin không trầy xước,Mỹ (LL/A),128.0,94%,90-94%,
iPhone 14 Plus,9700000.0,Quốc tế (Không khoá mạng),Đã sử dụng (chưa sửa chữa),Đã sửa chữa,,128.0,91%,90-94%,
iPhone 14 Plus,9700000.0,Quốc tế (Không khoá mạng),Đã sử dụng (chưa sửa chữa),Đã sửa chữa,,128.0,100%,100%,
iPhone 14 Plus,6150000.0,Quốc tế (Không khoá mạng),Đã sử dụng (chưa sửa chữa),Đã sửa chữa,,128.0,89%,85-89%,Hết bảo hành
iPhone 14 Plus,6500000.0,Quốc tế (Không khoá mạng),Mới,Zin không trầy xước,Mỹ (LL/A),128.0,81%,80-84%,
iPhone 14 Plus,9500000.0,,Đã sử dụng (chưa sửa chữa),Đã sửa chữa,Nhật Bản,256.0,90%,90-94%,
iPhone 14 Plus,7490000.0,Khóa mạng (Lock),Đã sử dụng (chưa sửa chữa),Đã sửa chữa,,128.0,92%,90-94%,
iPhone 14 Plus,7800000.0,,Đã sử dụng (chưa sửa chữa),Màn thay,Mỹ (LL/A),128.0,90%,90-94%,Hết bảo hành
iPhone 14 Plus,5000000.0,Quốc tế (Không khoá mạng),Đã sửa chữa / thay linh kiện,Đã sửa chữa,,128.0,90%,85-89%,
iPhone 14 Pro,10800000.0,Quốc tế (Không khoá mạng),Đã sử dụng (chưa sửa chữa),Đã sửa chữa,Mỹ (LL/A),128.0,85%,85-89%,
iPhone 14 Pro,8890000.0,Quốc tế (Không khoá mạng),Đã sử dụng (chưa sửa chữa),Màn thay,Mỹ (LL/A),256.0,89%,85-89%,
iPhone 14 Pro,12900000.0,Quốc tế (Không khoá mạng),Đã sử dụng (chưa sửa chữa),Đã sửa chữa,,256.0,92%,90-94%,
iPhone 14 Pro,6300000.0,Quốc tế (Không khoá mạng),Đã sử dụng (chưa sửa chữa),Đã sửa chữa,Mỹ (LL/A),128.0,88%,85-89%,
iPhone 14 Pro,10000000.0,Quốc tế (Không khoá mạng),Mới,Zin không trầy xước,Mỹ (LL/A),128.0,100%,100%,
iPhone 14 Pro,12500000.0,Quốc tế (Không khoá mạng),Đã sử dụng (chưa sửa chữa),Đã sửa chữa,Mỹ (LL/A),256.0,92%,90-94%,
iPhone 14 Pro,12800000.0,Quốc tế (Không khoá mạng),Đã sử dụng (chưa sửa chữa),Pin thay,Việt Nam,1024.0,92%,90-94%,3 tháng
iPhone 14 Pro,8300000.0,,Đã sử dụng (chưa sửa chữa),Đã sửa chữa,,128.0,89%,85-89%,
iPhone 14 Pro,12490000.0,Quốc tế (Không khoá mạng),Đã sử dụng (chưa sửa chữa),Đã sửa chữa,Hong Kong,128.0,86%,85-89%,4-6 tháng
iPhone 14 Pro,12800000.0,Quốc tế (Không khoá mạng),Đã sử dụng (chưa sửa chữa),Đã sửa chữa,Mỹ (LL/A),128.0,91%,90-94%,3 tháng
iPhone 14 Pro,11000000.0,Quốc tế (Không khoá mạng),Đã sử dụng (chưa sửa chữa),Đã sửa chữa,Mỹ (LL/A),128.0,91%,90-94%,Còn bảo hành
iPhone 14 Pro,8000000.0,Quốc tế (Không khoá mạng),Đã sử dụng (chưa sửa chữa),Đã sửa chữa,Thái Lan,128.0,89%,85-89%,
iPhone 14 Pro,9800000.0,Quốc tế (Không khoá mạng),Đã sử dụng (chưa sửa chữa),Đã sửa chữa,Mỹ (LL/A),128.0,90%,90-94%,
iPhone 14 Pro,10900000.0,Quốc tế (Không khoá mạng),Đã sử dụng (chưa sửa chữa),Đã sửa chữa,Mỹ (LL/A),256.0,93%,90-94%,7-12 tháng
iPhone 14 Pro,11990000.0,Quốc tế (Không khoá mạng),Đã sử dụng (chưa sửa chữa),Đã sửa chữa,Mỹ (LL/A),128.0,93%,90-94%,7-12 tháng
iPhone 14 Pro,11990000.0,Quốc tế (Không khoá mạng),Đã sử dụng (chưa sửa chữa),Đã sửa chữa,,128.0,91%,90-94%,
iPhone 14 Pro,12700000.0,Quốc tế (Không khoá mạng),Đã sử dụng (chưa sửa chữa),Đã sửa chữa,Mỹ (LL/A),128.0,100%,100%,4-6 tháng
iPhone 14 Pro,11500000.0,Quốc tế (Không khoá mạng),Đã sử dụng (chưa sửa chữa),Màn thay,,128.0,91%,90-94%,1 tháng
iPhone 14 Pro,10990000.0,Quốc tế (Không khoá mạng),Đã sử dụng (chưa sửa chữa),Đã sửa chữa,Mỹ (LL/A),128.0,100%,100%,1 tháng
iPhone 14 Pro,12500000.0,Quốc tế (Không khoá mạng),Đã sử dụng (chưa sửa chữa),Đã sửa chữa,Việt Nam,256.0,92%,90-94%,Hết bảo hành
iPhone 14 Pro,10000000.0,Quốc tế (Không khoá mạng),Đã sử dụng (chưa sửa chữa),Đã sửa chữa,Việt Nam,128.0,90%,90-94%,
iPhone 14 Pro,12990000.0,Quốc tế (Không khoá mạng),Đã sử dụng (chưa sửa chữa),Đã sửa chữa,Mỹ (LL/A),128.0,91%,90-94%,>12 tháng
iPhone 14 Pro,10990000.0,Quốc tế (Không khoá mạng),Đã sử dụng (chưa sửa chữa),"Màn thay, Pin thay",Việt Nam,256.0,92%,90-94%,7-12 tháng
iPhone 14 Pro,12900000.0,,Đã sử dụng (chưa sửa chữa),Pin thay,Chính hãng VN (VNA),128.0,91%,90-94%,3 tháng
iPhone 14 Pro,12500000.0,Quốc tế (Không khoá mạng),Đã sử dụng (chưa sửa chữa),Đã sửa chữa,Trung Quốc,256.0,100%,100%,Hết bảo hành
iPhone 14 Pro,11000000.0,Quốc tế (Không khoá mạng),Đã sử dụng (chưa sửa chữa),Đã sửa chữa,,128.0,91%,90-94%,
iPhone 14 Pro,9990000.0,Khóa mạng (Lock),Đã sử dụng (chưa sửa chữa),Đã sửa chữa,Mỹ (LL/A),128.0,85%,85-89%,
iPhone 14 Pro,14500000.0,Quốc tế (Không khoá mạng),Đã sử dụng (chưa sửa chữa),Đã sửa chữa,Mỹ (LL/A),256.0,92%,90-94%,4-6 tháng
iPhone 14 Pro,14500000.0,Quốc tế (Không khoá mạng),Đã sử dụng (chưa sửa chữa),Đã sửa chữa,Mỹ (LL/A),1024.0,92%,90-94%,3 tháng
iPhone 14 Pro,8900000.0,Quốc tế (Không khoá mạng),Đã sử dụng (chưa sửa chữa),Đã sửa chữa,Mỹ (LL/A),128.0,90%,85-89%,Còn bảo hành
iPhone 14 Pro,13490000.0,Quốc tế (Không khoá mạng),Mới,Zin không trầy xước,Mỹ (LL/A),256.0,93%,90-94%,Còn bảo hành
iPhone 14 Pro,12990000.0,Quốc tế (Không khoá mạng),Đã sử dụng (chưa sửa chữa),Đã sửa chữa,,128.0,91%,90-94%,
iPhone 14 Pro,9500000.0,Quốc tế (Không khoá mạng),Đã sử dụng (chưa sửa chữa),Đã sửa chữa,Chính hãng VN (VNA),128.0,90%,85-89%,
iPhone 14 Pro,11900000.0,Quốc tế (Không khoá mạng),Đã sử dụng (chưa sửa chữa),Đã sửa chữa,Chính hãng VN (VNA),128.0,91%,90-94%,Còn bảo hành
iPhone 14 Pro,11500000.0,Quốc tế (Không khoá mạng),Đã sử dụng (chưa sửa chữa),Đã sửa chữa,,256.0,91%,90-94%,
iPhone 14 Pro,11500000.0,Quốc tế (Không khoá mạng),Đã sử dụng (chưa sửa chữa),Đã sửa chữa,Mỹ (LL/A),256.0,91%,90-94%,
iPhone 14 Pro,8000000.0,Quốc tế (Không khoá mạng),Đã sửa chữa / thay linh kiện,Màn thay,Trung Quốc,128.0,89%,85-89%,
iPhone 14 Pro,15600000.0,Quốc tế (Không khoá mạng),Đã sử dụng (chưa sửa chữa),Đã sửa chữa,Mỹ (LL/A),512.0,82%,80-84%,2 tháng
iPhone 14 Pro,15700000.0,Quốc tế (Không khoá mạng),Đã sử dụng (chưa sửa chữa),Đã sửa chữa,Nhật Bản,1024.0,100%,100%,4-6 tháng
iPhone 14 Pro,15900000.0,Quốc tế (Không khoá mạng),Đã sử dụng (chưa sửa chữa),Đã sửa chữa,Mỹ (LL/A),1024.0,84%,80-84%,2 tháng
iPhone 14 Pro,9850000.0,,Đã sử dụng (chưa sửa chữa),Màn thay,,128.0,83%,80-84%,
iPhone 14 Pro,8500000.0,Quốc tế (Không khoá mạng),Đã sửa chữa / thay linh kiện,Màn thay,,128.0,89%,85-89%,
iPhone 14 Pro,10900000.0,Quốc tế (Không khoá mạng),Đã sử dụng (chưa sửa chữa),Đã sửa chữa,Việt Nam,128.0,91%,90-94%,
iPhone 14 Pro,12700000.0,Quốc tế (Không khoá mạng),Đã sử dụng (chưa sửa chữa),Đã sửa chữa,Mỹ (LL/A),128.0,91%,90-94%,Còn bảo hành
iPhone 14 Pro,11800000.0,Quốc tế (Không khoá mạng),Đã sử dụng (chưa sửa chữa),Pin thay,Việt Nam,128.0,91%,90-94%,Hết bảo hành
iPhone 14 Pro,12990000.0,Quốc tế (Không khoá mạng),Đã sử dụng (chưa sửa chữa),Đã sửa chữa,Việt Nam,128.0,93%,90-94%,
iPhone 14 Pro,13500000.0,Quốc tế (Không khoá mạng),Đã sử dụng (chưa sửa chữa),Đã sửa chữa,,128.0,100%,100%,3 tháng
iPhone 14 Pro,10500000.0,Quốc tế (Không khoá mạng),Đã sử dụng (chưa sửa chữa),Màn thay,,256.0,100%,100%,
iPhone 14 Pro,9800000.0,Quốc tế (Không khoá mạng),Đã sử dụng (chưa sửa chữa),Đã sửa chữa,,128.0,90%,90-94%,
iPhone 14 Pro,13000000.0,,Đã sử dụng (chưa sửa chữa),Đã sửa chữa,,128.0,89%,85-89%,
iPhone 14 Pro,11190000.0,Quốc tế (Không khoá mạng),Đã sử dụng (chưa sửa chữa),Đã sửa chữa,,128.0,91%,90-94%,
iPhone 14 Pro,10500000.0,,Đã sử dụng (chưa sửa chữa),Đã sửa chữa,,128.0,90%,90-94%,
iPhone 14 Pro,11300000.0,,Đã sử dụng (chưa sửa chữa),Đã sửa chữa,,128.0,91%,90-94%,
iPhone 14 Pro,11200000.0,Quốc tế (Không khoá mạng),Đã sử dụng (chưa sửa chữa),Màn thay,Việt Nam,128.0,83%,80-84%,3 tháng
iPhone 14 Pro,9800000.0,Quốc tế (Không khoá mạng),Đã sử dụng (chưa sửa chữa),Đã sửa chữa,,128.0,98%,97-99%,Còn bảo hành
iPhone 14 Pro,8300001.0,Quốc tế (Không khoá mạng),Đã sử dụng (chưa sửa chữa),Đã sửa chữa,Mỹ (LL/A),128.0,76%,Dưới 80%,Hết bảo hành
iPhone 14 Pro Max,13000000.0,Quốc tế (Không khoá mạng),Đã sử dụng (chưa sửa chữa),Đã sửa chữa,,128.0,83%,80-84%,
iPhone 14 Pro Max,6500000.0,,Đã sử dụng (chưa sửa chữa),Đã sửa chữa,,256.0,89%,85-89%,Hết bảo hành
iPhone 14 Pro Max,11900000.0,Quốc tế (Không khoá mạng),Đã sử dụng (chưa sửa chữa),Đã sửa chữa,,128.0,91%,90-94%,3 tháng
iPhone 14 Pro Max,10000000.0,Quốc tế (Không khoá mạng),Đã sử dụng (chưa sửa chữa),Pin thay,Việt Nam,128.0,90%,90-94%,
iPhone 14 Pro Max,12450000.0,Quốc tế (Không khoá mạng),Đã sử dụng (chưa sửa chữa),Đã sửa chữa,Mỹ (LL/A),128.0,91%,90-94%,Còn bảo hành
iPhone 14 Pro Max,9000000.0,Quốc tế (Không khoá mạng),Đã sử dụng (chưa sửa chữa),Màn thay,Mỹ (LL/A),256.0,92%,90-94%,4-6 tháng
iPhone 14 Pro Max,9150000.0,Quốc tế (Không khoá mạng),Đã sử dụng (chưa sửa chữa),Màn thay,Mỹ (LL/A),1024.0,91%,90-94%,4-6 tháng
iPhone 14 Pro Max,12590000.0,Quốc tế (Không khoá mạng),Đã sử dụng (chưa sửa chữa),Đã sửa chữa,Việt Nam,256.0,92%,90-94%,7-12 tháng
iPhone 14 Pro Max,11800000.0,Quốc tế (Không khoá mạng),Đã sử dụng (chưa sửa chữa),Màn thay,Việt Nam,128.0,90%,90-94%,
iPhone 14 Pro Max,14000000.0,Quốc tế (Không khoá mạng),Đã sử dụng (chưa sửa chữa),Đã sửa chữa,Mỹ (LL/A),128.0,91%,90-94%,
iPhone 14 Pro Max,13500000.0,Quốc tế (Không khoá mạng),Đã sử dụng (chưa sửa chữa),Đã sửa chữa,Mỹ (LL/A),128.0,100%,100%,
iPhone 14 Pro Max,10650000.0,Quốc tế (Không khoá mạng),Đã sử dụng (chưa sửa chữa),Đã sửa chữa,Chính hãng VN (VNA),128.0,90%,90-94%,
iPhone 14 Pro Max,9500000.0,,Đã sử dụng (chưa sửa chữa),Màn thay,,256.0,90%,90-94%,
iPhone 14 Pro Max,14800000.0,Quốc tế (Không khoá mạng),Đã sử dụng (chưa sửa chữa),Đã sửa chữa,,128.0,92%,90-94%,
iPhone 14 Pro Max,12500000.0,,Đã sửa chữa / thay linh kiện,Pin thay,Mỹ (LL/A),128.0,100%,100%,
iPhone 14 Pro Max,15500000.0,Quốc tế (Không khoá mạng),Đã sử dụng (chưa sửa chữa),Đã sửa chữa,,128.0,100%,100%,
iPhone 14 Pro Max,11500000.0,Quốc tế (Không khoá mạng),Đã sử dụng (chưa sửa chữa),Đã sửa chữa,Việt Nam,128.0,90%,90-94%,7-12 tháng
iPhone 14 Pro Max,9000000.0,,Đã sử dụng (chưa sửa chữa),Đã sửa chữa,,256.0,100%,100%,
iPhone 14 Pro Max,15500000.0,Quốc tế (Không khoá mạng),Đã sử dụng (chưa sửa chữa),Pin thay,Việt Nam,128.0,92%,90-94%,3 tháng
iPhone 14 Pro Max,17190000.0,Quốc tế (Không khoá mạng),Đã sử dụng (chưa sửa chữa),Đã sửa chữa,Mỹ (LL/A),512.0,89%,85-89%,4-6 tháng
iPhone 14 Pro Max,10000000.0,,Đã sử dụng (chưa sửa chữa),Đã sửa chữa,,128.0,90%,90-94%,
iPhone 14 Pro Max,12990000.0,Quốc tế (Không khoá mạng),Đã sử dụng (chưa sửa chữa),Đã sửa chữa,Mỹ (LL/A),128.0,93%,90-94%,>12 tháng
iPhone 14 Pro Max,7600000.0,Quốc tế (Không khoá mạng),Đã sử dụng (chưa sửa chữa),Đã sửa chữa,Mỹ (LL/A),128.0,81%,80-84%,
iPhone 14 Pro Max,16600000.0,Quốc tế (Không khoá mạng),Đã sử dụng (chưa sửa chữa),Đã sửa chữa,Trung Quốc,256.0,93%,90-94%,Hết bảo hành
iPhone 14 Pro Max,9000000.0,Quốc tế (Không khoá mạng),Đã sử dụng (chưa sửa chữa),Đã sửa chữa,Mỹ (LL/A),256.0,94%,90-94%,
iPhone 14 Pro Max,11000000.0,Quốc tế (Không khoá mạng),Đã sử dụng (chưa sửa chữa),Đã sửa chữa,,128.0,91%,90-94%,
iPhone 14 Pro Max,9750000.0,Quốc tế (Không khoá mạng),Đã sử dụng (chưa sửa chữa),Màn thay,Mỹ (LL/A),256.0,91%,90-94%,Hết bảo hành
iPhone 14 Pro Max,15200000.0,Quốc tế (Không khoá mạng),Đã sử dụng (chưa sửa chữa),Đã sửa chữa,Mỹ (LL/A),256.0,100%,100%,7-12 tháng
iPhone 14 Pro Max,9250000.0,,Đã sử dụng (chưa sửa chữa),Màn thay,,256.0,84%,80-84%,
iPhone 14 Pro Max,12990000.0,Quốc tế (Không khoá mạng),Đã sử dụng (chưa sửa chữa),Màn thay,Mỹ (LL/A),128.0,90%,90-94%,Còn bảo hành
iPhone 14 Pro Max,8650000.0,Quốc tế (Không khoá mạng),Đã sử dụng (chưa sửa chữa),Màn thay,Mỹ (LL/A),1024.0,90%,90-94%,4-6 tháng
iPhone 14 Pro Max,12900000.0,Quốc tế (Không khoá mạng),Đã sử dụng (chưa sửa chữa),Đã sửa chữa,Mỹ (LL/A),256.0,91%,90-94%,
iPhone 14 Pro Max,11300000.0,Quốc tế (Không khoá mạng),Đã sử dụng (chưa sửa chữa),Đã sửa chữa,Mỹ (LL/A),256.0,91%,90-94%,
iPhone 14 Pro Max,15900000.0,Quốc tế (Không khoá mạng),Đã sử dụng (chưa sửa chữa),"Màn thay, Pin thay",Việt Nam,1024.0,100%,100%,4-6 tháng
iPhone 14 Pro Max,18500000.0,Quốc tế (Không khoá mạng),Đã sử dụng (chưa sửa chữa),Đã sửa chữa,Mỹ (LL/A),256.0,100%,100%,7-12 tháng
iPhone 14 Pro Max,10800000.0,,Đã sửa chữa / thay linh kiện,Màn thay,Mỹ (LL/A),256.0,100%,100%,
iPhone 14 Pro Max,11650000.0,Quốc tế (Không khoá mạng),Đã sử dụng (chưa sửa chữa),Đã sửa chữa,,256.0,91%,90-94%,
iPhone 14 Pro Max,15900000.0,Quốc tế (Không khoá mạng),Đã sử dụng (chưa sửa chữa),Đã sửa chữa,Mỹ (LL/A),128.0,90%,90-94%,7-12 tháng
iPhone 14 Pro Max,15500000.0,Quốc tế (Không khoá mạng),Đã sử dụng (chưa sửa chữa),Đã sửa chữa,Mỹ (LL/A),256.0,86%,85-89%,3 tháng
iPhone 14 Pro Max,10888888.0,Quốc tế (Không khoá mạng),Đã sử dụng (chưa sửa chữa),Đã sửa chữa,,512.0,90%,90-94%,Còn bảo hành
iPhone 14 Pro Max,14900000.0,Quốc tế (Không khoá mạng),Đã sửa chữa / thay linh kiện,Đã sửa chữa,Mỹ (LL/A),128.0,100%,100%,7-12 tháng
iPhone 14 Pro Max,14000000.0,Quốc tế (Không khoá mạng),Đã sử dụng (chưa sửa chữa),Đã sửa chữa,,256.0,92%,90-94%,
iPhone 14 Pro Max,10800000.0,Quốc tế (Không khoá mạng),Đã sử dụng (chưa sửa chữa),Đã sửa chữa,Mỹ (LL/A),128.0,90%,90-94%,
iPhone 14 Pro Max,9800000.0,Quốc tế (Không khoá mạng),Đã sử dụng (chưa sửa chữa),Màn thay,Mỹ (LL/A),128.0,90%,90-94%,
iPhone 14 Pro Max,11800000.0,Quốc tế (Không khoá mạng),Đã sử dụng (chưa sửa chữa),Đã sửa chữa,Việt Nam,128.0,93%,90-94%,
iPhone 14 Pro Max,9550000.0,Quốc tế (Không khoá mạng),Đã sử dụng (chưa sửa chữa),Đã sửa chữa,,512.0,91%,90-94%,4-6 tháng
iPhone 14 Pro Max,10550000.0,Quốc tế (Không khoá mạng),Đã sử dụng (chưa sửa chữa),Đã sửa chữa,,256.0,99%,97-99%,Còn bảo hành
iPhone 14 Pro Max,13000000.0,Quốc tế (Không khoá mạng),Đã sử dụng (chưa sửa chữa),Đã sửa chữa,Chính hãng VN (VNA),256.0,91%,90-94%,Hết bảo hành
iPhone 14 Pro Max,9000000.0,Quốc tế (Không khoá mạng),Đã sử dụng (chưa sửa chữa),Đã sửa chữa,Mỹ (LL/A),256.0,92%,90-94%,
iPhone 14 Pro Max,9500000.0,Quốc tế (Không khoá mạng),Đã sử dụng (chưa sửa chữa),Màn thay,Mỹ (LL/A),128.0,90%,90-94%,4-6 tháng
iPhone 14 Pro Max,9700000.0,Quốc tế (Không khoá mạng),Đã sửa chữa / thay linh kiện,Màn thay,Mỹ (LL/A),256.0,91%,90-94%,4-6 tháng
iPhone 14 Pro Max,8300000.0,Quốc tế (Không khoá mạng),Đã sử dụng (chưa sửa chữa),Đã sửa chữa,Mỹ (LL/A),512.0,91%,90-94%,Hết bảo hành
iPhone 14 Pro Max,10500000.0,,Đã sử dụng (chưa sửa chữa),Đã sửa chữa,,128.0,90%,90-94%,3 tháng
iPhone 14 Pro Max,13500000.0,Quốc tế (Không khoá mạng),Đã sử dụng (chưa sửa chữa),Đã sửa chữa,Việt Nam,128.0,91%,90-94%,
iPhone 14 Pro Max,15100000.0,Quốc tế (Không khoá mạng),Đã sử dụng (chưa sửa chữa),Đã sửa chữa,,256.0,92%,90-94%,
iPhone 14 Pro Max,11300000.0,Quốc tế (Không khoá mạng),Đã sử dụng (chưa sửa chữa),Đã sửa chữa,Chính hãng VN (VNA),128.0,90%,90-94%,Hết bảo hành
iPhone 14 Pro Max,16000000.0,Quốc tế (Không khoá mạng),Đã sử dụng (chưa sửa chữa),Đã sửa chữa,Chính hãng VN (VNA),512.0,93%,90-94%,Còn bảo hành
iPhone 14 Pro Max,9400000.0,Quốc tế (Không khoá mạng),Đã sử dụng (chưa sửa chữa),Đã sửa chữa,Không rõ,128.0,90%,90-94%,
iPhone 14 Pro Max,10999000.0,,Đã sử dụng (chưa sửa chữa),Đã sửa chữa,Việt Nam,128.0,89%,85-89%,3 tháng
iPhone 14 Pro Max,8900000.0,Quốc tế (Không khoá mạng),Đã sử dụng (chưa sửa chữa),Đã sửa chữa,Mỹ (LL/A),128.0,90%,90-94%,1 tháng
iPhone 14 Pro Max,7900000.0,Quốc tế (Không khoá mạng),Đã sử dụng (chưa sửa chữa),Đã sửa chữa,Mỹ (LL/A),128.0,79%,Dưới 80%,Còn bảo hành
iPhone 14 Pro Max,11500000.0,,Đã sử dụng (chưa sửa chữa),Màn thay,Mỹ (LL/A),128.0,88%,85-89%,4-6 tháng
iPhone 14 Pro Max,13650000.0,Quốc tế (Không khoá mạng),Đã sử dụng (chưa sửa chữa),Đã sửa chữa,Mỹ (LL/A),128.0,83%,80-84%,
iPhone 14 Pro Max,9500000.0,Quốc tế (Không khoá mạng),Đã sử dụng (chưa sửa chữa),Màn thay,,128.0,90%,90-94%,
iPhone 14 Pro Max,13500000.0,Quốc tế (Không khoá mạng),Đã sử dụng (chưa sửa chữa),Đã sửa chữa,Mỹ (LL/A),128.0,86%,85-89%,Hết bảo hành
iPhone 14 Pro Max,11600000.0,Quốc tế (Không khoá mạng),Đã sử dụng (chưa sửa chữa),Đã sửa chữa,Mỹ (LL/A),128.0,84%,80-84%,
iPhone 14 Pro Max,10990000.0,Quốc tế (Không khoá mạng),Đã sử dụng (chưa sửa chữa),Đã sửa chữa,,512.0,93%,90-94%,Còn bảo hành
iPhone 14 Pro Max,12900000.0,Quốc tế (Không khoá mạng),Đã sử dụng (chưa sửa chữa),Đã sửa chữa,,128.0,90%,90-94%,3 tháng
iPhone 14 Pro Max,8500000.0,Quốc tế (Không khoá mạng),Đã sử dụng (chưa sửa chữa),Màn thay,Việt Nam,128.0,93%,90-94%,
iPhone 14 Pro Max,14100000.0,Quốc tế (Không khoá mạng),Đã sử dụng (chưa sửa chữa),Đã sửa chữa,Chính hãng VN (VNA),256.0,92%,90-94%,Còn bảo hành
iPhone 14 Pro Max,16990000.0,Quốc tế (Không khoá mạng),Đã sử dụng (chưa sửa chữa),Màn thay,Chính hãng VN (VNA),128.0,92%,90-94%,3 tháng
iPhone 14 Pro Max,13000000.0,Quốc tế (Không khoá mạng),Đã sử dụng (chưa sửa chữa),Đã sửa chữa,Mỹ (LL/A),128.0,90%,90-94%,Hết bảo hành
iPhone 14 Pro Max,12890000.0,Quốc tế (Không khoá mạng),Đã sử dụng (chưa sửa chữa),Đã sửa chữa,Việt Nam,256.0,91%,90-94%,7-12 tháng
iPhone 14 Pro Max,13500000.0,Quốc tế (Không khoá mạng),Mới,Zin không trầy xước,Mỹ (LL/A),128.0,88%,85-89%,1 tháng
iPhone 14 Pro Max,12000000.0,Quốc tế (Không khoá mạng),Đã sử dụng (chưa sửa chữa),Đã sửa chữa,Chính hãng VN (VNA),128.0,90%,90-94%,1 tháng
iPhone 14 Pro Max,6900000.0,Quốc tế (Không khoá mạng),Đã sử dụng (chưa sửa chữa),Đã sửa chữa,,128.0,89%,85-89%,
iPhone 14 Pro Max,9490000.0,Quốc tế (Không khoá mạng),Đã sử dụng (chưa sửa chữa),Màn thay,,128.0,90%,90-94%,
iPhone 14 Pro Max,11800000.0,Quốc tế (Không khoá mạng),Đã sử dụng (chưa sửa chữa),Đã sửa chữa,Mỹ (LL/A),256.0,91%,90-94%,
iPhone 14 Pro Max,12500000.0,Quốc tế (Không khoá mạng),Đã sử dụng (chưa sửa chữa),Đã sửa chữa,Mỹ (LL/A),128.0,79%,Dưới 80%,1 tháng
iPhone 14 Pro Max,9500000.0,Quốc tế (Không khoá mạng),Đã sử dụng (chưa sửa chữa),Màn thay,Mỹ (LL/A),256.0,90%,90-94%,
iPhone 14 Pro Max,11300000.0,,Đã sử dụng (chưa sửa chữa),Đã sửa chữa,Mỹ (LL/A),128.0,90%,90-94%,
iPhone 14 Pro Max,12500000.0,Quốc tế (Không khoá mạng),Đã sử dụng (chưa sửa chữa),Đã sửa chữa,,256.0,92%,90-94%,
iPhone 14 Pro Max,11000000.0,,Đã sửa chữa / thay linh kiện,Màn thay,,128.0,91%,90-94%,
iPhone 14 Pro Max,9500000.0,Quốc tế (Không khoá mạng),Đã sử dụng (chưa sửa chữa),Màn thay,Mỹ (LL/A),256.0,90%,90-94%,4-6 tháng
iPhone 14 Pro Max,16800000.0,Quốc tế (Không khoá mạng),Đã sử dụng (chưa sửa chữa),Đã sửa chữa,,256.0,92%,90-94%,3 tháng
iPhone 14 Pro Max,14290000.0,Quốc tế (Không khoá mạng),Đã sử dụng (chưa sửa chữa),Đã sửa chữa,Chính hãng VN (VNA),128.0,91%,90-94%,4-6 tháng
iPhone 14 Pro Max,11990000.0,Quốc tế (Không khoá mạng),Đã sử dụng (chưa sửa chữa),Đã sửa chữa,,128.0,90%,90-94%,
iPhone 14 Pro Max,13900000.0,Quốc tế (Không khoá mạng),Đã sử dụng (chưa sửa chữa),Đã sửa chữa,Việt Nam,128.0,95%,95-96%,Hết bảo hành
iPhone 14 Pro Max,14290000.0,Quốc tế (Không khoá mạng),Đã sử dụng (chưa sửa chữa),Đã sửa chữa,Hong Kong,128.0,91%,90-94%,4-6 tháng
iPhone 14 Pro Max,11500000.0,Quốc tế (Không khoá mạng),Đã sử dụng (chưa sửa chữa),Đã sửa chữa,Mỹ (LL/A),256.0,91%,90-94%,3 tháng
iPhone 14 Pro Max,11500000.0,,Đã sử dụng (chưa sửa chữa),Đã sửa chữa,,256.0,91%,90-94%,
iPhone 14 Pro Max,13890000.0,Quốc tế (Không khoá mạng),Đã sử dụng (chưa sửa chữa),Đã sửa chữa,Mỹ (LL/A),128.0,91%,90-94%,Hết bảo hành
iPhone 14 Pro Max,14790000.0,,Đã sử dụng (chưa sửa chữa),Đã sửa chữa,Việt Nam,256.0,100%,100%,4-6 tháng
iPhone 14 Pro Max,9850000.0,Quốc tế (Không khoá mạng),Đã sử dụng (chưa sửa chữa),Đã sửa chữa,Việt Nam,256.0,91%,90-94%,Hết bảo hành
iPhone 14 Pro Max,8300000.0,Quốc tế (Không khoá mạng),Đã sử dụng (chưa sửa chữa),Đã sửa chữa,Việt Nam,128.0,93%,90-94%,
iPhone 14 Pro Max,13500000.0,Quốc tế (Không khoá mạng),Đã sửa chữa / thay linh kiện,Đã sửa chữa,Mỹ (LL/A),128.0,91%,90-94%,Hết bảo hành
iPhone 14 Pro Max,11300000.0,Quốc tế (Không khoá mạng),Đã sử dụng (chưa sửa chữa),Đã sửa chữa,Mỹ (LL/A),128.0,89%,85-89%,
iPhone 14 Pro Max,15900000.0,Quốc tế (Không khoá mạng),Đã sử dụng (chưa sửa chữa),"Màn thay, Pin thay",,1024.0,91%,90-94%,4-6 tháng
iPhone 14 Pro Max,7200000.0,Quốc tế (Không khoá mạng),Đã sửa chữa / thay linh kiện,Màn thay,Mỹ (LL/A),128.0,88%,85-89%,Hết bảo hành
iPhone 14 Pro Max,11490000.0,Quốc tế (Không khoá mạng),Đã sử dụng (chưa sửa chữa),Đã sửa chữa,,128.0,90%,90-94%,7-12 tháng
iPhone 14 Pro Max,10000000.0,,Đã sử dụng (chưa sửa chữa),Đã sửa chữa,,128.0,90%,90-94%,
iPhone 14 Pro Max,14999000.0,Quốc tế (Không khoá mạng),Đã sử dụng (chưa sửa chữa),Đã sửa chữa,Mỹ (LL/A),256.0,92%,90-94%,4-6 tháng
iPhone 14 Pro Max,10900000.0,Quốc tế (Không khoá mạng),Đã sử dụng (chưa sửa chữa),Đã sửa chữa,Mỹ (LL/A),256.0,91%,90-94%,1 tháng
iPhone 14 Pro Max,14500000.0,Quốc tế (Không khoá mạng),Đã sử dụng (chưa sửa chữa),Đã sửa chữa,Chính hãng VN (VNA),128.0,92%,90-94%,3 tháng
iPhone 14 Pro Max,13200000.0,Quốc tế (Không khoá mạng),Đã sử dụng (chưa sửa chữa),Đã sửa chữa,Mỹ (LL/A),128.0,96%,95-96%,
iPhone 14 Pro Max,11700000.0,Quốc tế (Không khoá mạng),Đã sử dụng (chưa sửa chữa),Đã sửa chữa,,128.0,90%,90-94%,
iPhone 14 Pro Max,12500000.0,Quốc tế (Không khoá mạng),Đã sử dụng (chưa sửa chữa),Đã sửa chữa,,128.0,91%,90-94%,2 tháng
iPhone 14 Pro Max,11500000.0,Quốc tế (Không khoá mạng),Đã sử dụng (chưa sửa chữa),Đã sửa chữa,Chính hãng VN (VNA),512.0,91%,90-94%,
iPhone 14 Pro Max,14690000.0,Quốc tế (Không khoá mạng),Đã sử dụng (chưa sửa chữa),Đã sửa chữa,Mỹ (LL/A),128.0,92%,90-94%,7-12 tháng
iPhone 14 Pro Max,13979000.0,Quốc tế (Không khoá mạng),Đã sử dụng (chưa sửa chữa),Đã sửa chữa,Chính hãng VN (VNA),128.0,91%,90-94%,Còn bảo hành
iPhone 14 Pro Max,16990000.0,Quốc tế (Không khoá mạng),Đã sử dụng (chưa sửa chữa),Đã sửa chữa,Chính hãng VN (VNA),512.0,100%,100%,
iPhone 14 Pro Max,12990000.0,Quốc tế (Không khoá mạng),Đã sử dụng (chưa sửa chữa),Đã sửa chữa,Việt Nam,256.0,84%,80-84%,
iPhone 14 Pro Max,9500000.0,Quốc tế (Không khoá mạng),Đã sử dụng (chưa sửa chữa),Đã sửa chữa,,512.0,90%,90-94%,
iPhone 14 Pro Max,9980000.0,Quốc tế (Không khoá mạng),Đã sử dụng (chưa sửa chữa),Đã sửa chữa,Việt Nam,128.0,92%,90-94%,Còn bảo hành
iPhone 14 Pro Max,13900000.0,,Đã sử dụng (chưa sửa chữa),Đã sửa chữa,Việt Nam,256.0,95%,95-96%,Còn bảo hành
iPhone 14 Pro Max,15000000.0,Quốc tế (Không khoá mạng),Đã sử dụng (chưa sửa chữa),Đã sửa chữa,Mỹ (LL/A),256.0,92%,90-94%,4-6 tháng
iPhone 14 Pro Max,12700000.0,Quốc tế (Không khoá mạng),Đã sử dụng (chưa sửa chữa),Đã sửa chữa,Mỹ (LL/A),128.0,91%,90-94%,3 tháng
iPhone 14 Pro Max,9600000.0,Khóa mạng (Lock),Đã sử dụng (chưa sửa chữa),Màn thay,Mỹ (LL/A),256.0,86%,85-89%,
iPhone 14 Pro Max,13900000.0,Quốc tế (Không khoá mạng),Đã sử dụng (chưa sửa chữa),Đã sửa chữa,Việt Nam,128.0,91%,90-94%,
iPhone 14 Pro Max,9500000.0,,Đã sử dụng (chưa sửa chữa),Màn thay,,256.0,90%,90-94%,
iPhone 14 Pro Max,15300000.0,Quốc tế (Không khoá mạng),Đã sử dụng (chưa sửa chữa),Đã sửa chữa,Mỹ (LL/A),512.0,90%,90-94%,Còn bảo hành
iPhone 14 Pro Max,14500000.0,Quốc tế (Không khoá mạng),Đã sử dụng (chưa sửa chữa),Đã sửa chữa,Việt Nam,128.0,92%,90-94%,
iPhone 14 Pro Max,11500000.0,Quốc tế (Không khoá mạng),Đã sử dụng (chưa sửa chữa),Đã sửa chữa,,128.0,90%,90-94%,
iPhone 14 Pro Max,13300000.0,Quốc tế (Không khoá mạng),Đã sử dụng (chưa sửa chữa),Màn thay,Mỹ (LL/A),256.0,92%,90-94%,4-6 tháng
iPhone 14 Pro Max,11500000.0,,Đã sử dụng (chưa sửa chữa),Đã sửa chữa,,256.0,91%,90-94%,
iPhone 14 Pro Max,4500000.0,Quốc tế (Không khoá mạng),Đã sử dụng (chưa sửa chữa),Đã sửa chữa,Mỹ (LL/A),128.0,91%,90-94%,>12 tháng
iPhone 14 Pro Max,16200000.0,,Đã sử dụng (chưa sửa chữa),Đã sửa chữa,Mỹ (LL/A),128.0,92%,90-94%,4-6 tháng
iPhone 14 Pro Max,8400000.0,Quốc tế (Không khoá mạng),Đã sử dụng (chưa sửa chữa),Đã sửa chữa,Mỹ (LL/A),128.0,92%,90-94%,
iPhone 14 Pro Max,14490000.0,Quốc tế (Không khoá mạng),Đã sử dụng (chưa sửa chữa),Đã sửa chữa,Việt Nam,128.0,92%,90-94%,Còn bảo hành
iPhone 14 Pro Max,10900000.0,Quốc tế (Không khoá mạng),Đã sử dụng (chưa sửa chữa),Đã sửa chữa,,128.0,86%,85-89%,
iPhone 14 Pro Max,13500000.0,,Đã sử dụng (chưa sửa chữa),Đã sửa chữa,,256.0,92%,90-94%,
iPhone 14 Pro Max,14999000.0,Quốc tế (Không khoá mạng),Đã sử dụng (chưa sửa chữa),Đã sửa chữa,Mỹ (LL/A),512.0,90%,90-94%,3 tháng
iPhone 14 Pro Max,13900000.0,Quốc tế (Không khoá mạng),Mới,Zin không trầy xước,Mỹ (LL/A),256.0,92%,90-94%,4-6 tháng
iPhone 14 Pro Max,11678000.0,,Đã sử dụng (chưa sửa chữa),Đã sửa chữa,,128.0,86%,85-89%,
iPhone 14 Pro Max,16600000.0,Quốc tế (Không khoá mạng),Đã sử dụng (chưa sửa chữa),Đã sửa chữa,Mỹ (LL/A),1024.0,100%,100%,3 tháng
iPhone 14 Pro Max,15990000.0,Quốc tế (Không khoá mạng),Đã sử dụng (chưa sửa chữa),Đã sửa chữa,Mỹ (LL/A),1024.0,86%,85-89%,1 tháng
iPhone 14 Pro Max,10490000.0,Quốc tế (Không khoá mạng),Đã sử dụng (chưa sửa chữa),"Màn thay, Pin thay",,128.0,100%,100%,
iPhone 14 Pro Max,10500000.0,Quốc tế (Không khoá mạng),Đã sử dụng (chưa sửa chữa),Đã sửa chữa,,128.0,90%,90-94%,
iPhone 14 Pro Max,9800000.0,Quốc tế (Không khoá mạng),Đã sử dụng (chưa sửa chữa),Màn thay,Chính hãng VN (VNA),128.0,90%,90-94%,
iPhone 14 Pro Max,4500000.0,Quốc tế (Không khoá mạng),Đã sử dụng (chưa sửa chữa),Đã sửa chữa,Mỹ (LL/A),128.0,88%,85-89%,
iPhone 14 Pro Max,12290000.0,Quốc tế (Không khoá mạng),Đã sử dụng (chưa sửa chữa),Đã sửa chữa,Mỹ (LL/A),128.0,91%,90-94%,
iPhone 14 Pro Max,10800000.0,,Đã sử dụng (chưa sửa chữa),Màn thay,Mỹ (LL/A),256.0,100%,100%,Còn bảo hành
iPhone 14 Pro Max,12990000.0,Quốc tế (Không khoá mạng),Đã sử dụng (chưa sửa chữa),Đã sửa chữa,Mỹ (LL/A),128.0,85%,85-89%,
iPhone 14 Pro Max,16790000.0,Quốc tế (Không khoá mạng),Đã sử dụng (chưa sửa chữa),Pin thay,Trung Quốc,256.0,93%,90-94%,4-6 tháng
iPhone 14 Pro Max,7900000.0,Quốc tế (Không khoá mạng),Đã sử dụng (chưa sửa chữa),Màn thay,,256.0,100%,100%,
iPhone 14 Pro Max,11500000.0,Quốc tế (Không khoá mạng),Đã sử dụng (chưa sửa chữa),Đã sửa chữa,Việt Nam,128.0,90%,90-94%,>12 tháng
iPhone 14 Pro Max,13000000.0,Quốc tế (Không khoá mạng),Đã sử dụng (chưa sửa chữa),Đã sửa chữa,,256.0,91%,90-94%,
iPhone 14 Pro Max,12600000.0,Quốc tế (Không khoá mạng),Đã sử dụng (chưa sửa chữa),Đã sửa chữa,,128.0,91%,90-94%,
iPhone 14 Pro Max,13000000.0,Quốc tế (Không khoá mạng),Đã sử dụng (chưa sửa chữa),Đã sửa chữa,Mỹ (LL/A),256.0,91%,90-94%,Hết bảo hành
iPhone 14 Pro Max,14000000.0,Quốc tế (Không khoá mạng),Đã sử dụng (chưa sửa chữa),Đã sửa chữa,Mỹ (LL/A),128.0,87%,85-89%,
iPhone 14 Pro Max,9599000.0,Quốc tế (Không khoá mạng),Đã sử dụng (chưa sửa chữa),Màn thay,Mỹ (LL/A),128.0,90%,90-94%,Hết bảo hành
iPhone 14 Pro Max,11000000.0,Quốc tế (Không khoá mạng),Đã sử dụng (chưa sửa chữa),Đã sửa chữa,,128.0,91%,90-94%,Hết bảo hành
iPhone 14 Pro Max,14500000.0,,Đã sử dụng (chưa sửa chữa),Đã sửa chữa,,128.0,92%,90-94%,
iPhone 14 Pro Max,15000000.0,Quốc tế (Không khoá mạng),Đã sử dụng (chưa sửa chữa),Đã sửa chữa,,256.0,92%,90-94%,
iPhone 14 Pro Max,15000000.0,Quốc tế (Không khoá mạng),Đã sử dụng (chưa sửa chữa),Đã sửa chữa,Việt Nam,256.0,92%,90-94%,
iPhone 14 Pro Max,11500000.0,Quốc tế (Không khoá mạng),Đã sử dụng (chưa sửa chữa),Pin thay,Việt Nam,256.0,86%,85-89%,
iPhone 14 Pro Max,10500000.0,Quốc tế (Không khoá mạng),Đã sử dụng (chưa sửa chữa),Màn thay,Mỹ (LL/A),128.0,85%,85-89%,2 tháng
iPhone 14 Pro Max,12350000.0,Quốc tế (Không khoá mạng),Đã sử dụng (chưa sửa chữa),Đã sửa chữa,,128.0,91%,90-94%,
iPhone 14 Pro Max,9000000.0,Quốc tế (Không khoá mạng),Đã sửa chữa / thay linh kiện,Đã sửa chữa,,128.0,91%,90-94%,
iPhone 14 Pro Max,14800000.0,Quốc tế (Không khoá mạng),Đã sử dụng (chưa sửa chữa),Đã sửa chữa,Trung Quốc,128.0,92%,90-94%,Hết bảo hành
iPhone 14 Pro Max,15500000.0,Quốc tế (Không khoá mạng),Đã sử dụng (chưa sửa chữa),Pin thay,,512.0,91%,90-94%,Hết bảo hành
iPhone 14 Pro Max,5550000.0,Khóa mạng (Lock),Đã sử dụng (chưa sửa chữa),Đã sửa chữa,Mỹ (LL/A),128.0,92%,90-94%,Hết bảo hành
iPhone 14 Pro Max,9900000.0,,Đã sử dụng (chưa sửa chữa),Màn thay,Việt Nam,128.0,90%,90-94%,
iPhone 14 Pro Max,14999000.0,,Đã sử dụng (chưa sửa chữa),Đã sửa chữa,,128.0,92%,90-94%,
iPhone 14 Pro Max,10500000.0,Quốc tế (Không khoá mạng),Đã sửa chữa / thay linh kiện,Màn thay,Mỹ (LL/A),256.0,92%,90-94%,
iPhone 14 Pro Max,12800000.0,Quốc tế (Không khoá mạng),Đã sử dụng (chưa sửa chữa),Đã sửa chữa,,128.0,91%,90-94%,7-12 tháng
iPhone 14 Pro Max,11300000.0,Quốc tế (Không khoá mạng),Đã sử dụng (chưa sửa chữa),Đã sửa chữa,Mỹ (LL/A),128.0,89%,85-89%,
iPhone 14 Pro Max,15990000.0,Quốc tế (Không khoá mạng),Đã sử dụng (chưa sửa chữa),Đã sửa chữa,,256.0,93%,90-94%,
iPhone 14 Pro Max,13900000.0,Quốc tế (Không khoá mạng),Đã sử dụng (chưa sửa chữa),Đã sửa chữa,Việt Nam,256.0,92%,90-94%,
iPhone 14 Pro Max,13999000.0,,Đã sử dụng (chưa sửa chữa),Đã sửa chữa,Mỹ (LL/A),128.0,83%,80-84%,
iPhone 14 Pro Max,14200000.0,Quốc tế (Không khoá mạng),Đã sử dụng (chưa sửa chữa),Đã sửa chữa,Mỹ (LL/A),128.0,91%,90-94%,
iPhone 14 Pro Max,9650000.0,Quốc tế (Không khoá mạng),Đã sử dụng (chưa sửa chữa),Đã sửa chữa,,128.0,86%,85-89%,
iPhone 14 Pro Max,13500000.0,Quốc tế (Không khoá mạng),Đã sử dụng (chưa sửa chữa),Đã sửa chữa,Mỹ (LL/A),512.0,92%,90-94%,
iPhone 14 Pro Max,14190000.0,,Đã sử dụng (chưa sửa chữa),"Màn thay, Pin thay",Mỹ (LL/A),256.0,92%,90-94%,3 tháng
iPhone 14 Pro Max,14500000.0,,Đã sử dụng (chưa sửa chữa),Đã sửa chữa,Việt Nam,256.0,100%,100%,>12 tháng
iPhone 14 Pro Max,12800000.0,Quốc tế (Không khoá mạng),Đã sử dụng (chưa sửa chữa),Đã sửa chữa,Mỹ (LL/A),256.0,88%,85-89%,Hết bảo hành
iPhone 14 Pro Max,11500000.0,Khóa mạng (Lock),Đã sử dụng (chưa sửa chữa),Đã sửa chữa,,128.0,86%,85-89%,
iPhone 15,12300000.0,Quốc tế (Không khoá mạng),Đã sử dụng (chưa sửa chữa),Đã sửa chữa,Mỹ (LL/A),128.0,91%,90-94%,Còn bảo hành
iPhone 15,10750000.0,Quốc tế (Không khoá mạng),Đã sử dụng (chưa sửa chữa),Đã sửa chữa,,128.0,86%,85-89%,
iPhone 15,9699000.0,Quốc tế (Không khoá mạng),Đã sử dụng (chưa sửa chữa),Đã sửa chữa,Việt Nam,128.0,88%,85-89%,3 tháng
iPhone 15,12000000.0,Quốc tế (Không khoá mạng),Đã sử dụng (chưa sửa chữa),Đã sửa chữa,Việt Nam,128.0,91%,90-94%,3 tháng
iPhone 15,11300000.0,Quốc tế (Không khoá mạng),Đã sử dụng (chưa sửa chữa),Đã sửa chữa,Việt Nam,128.0,91%,90-94%,>12 tháng
iPhone 15,12000000.0,,Đã sử dụng (chưa sửa chữa),Đã sửa chữa,Mỹ (LL/A),128.0,91%,90-94%,
iPhone 15,12900000.0,Quốc tế (Không khoá mạng),Đã sử dụng (chưa sửa chữa),Màn thay,Chính hãng VN (VNA),256.0,85%,85-89%,Còn bảo hành
iPhone 15,11500000.0,Quốc tế (Không khoá mạng),Đã sử dụng (chưa sửa chữa),Đã sửa chữa,Không rõ,128.0,90%,90-94%,
iPhone 15,10700000.0,Quốc tế (Không khoá mạng),Đã sử dụng (chưa sửa chữa),Đã sửa chữa,Chính hãng VN (VNA),128.0,86%,85-89%,3 tháng
iPhone 15,15990000.0,Quốc tế (Không khoá mạng),Đã sử dụng (chưa sửa chữa),Đã sửa chữa,Trung Quốc,256.0,100%,100%,7-12 tháng
iPhone 15,9222222.0,Khóa mạng (Lock),Đã sử dụng (chưa sửa chữa),Đã sửa chữa,,256.0,90%,90-94%,>12 tháng
iPhone 15,11450000.0,Quốc tế (Không khoá mạng),Đã sử dụng (chưa sửa chữa),Đã sửa chữa,Trung Quốc,128.0,91%,90-94%,3 tháng
iPhone 15,12000000.0,,Đã sử dụng (chưa sửa chữa),Đã sửa chữa,,128.0,91%,90-94%,
iPhone 15,8990000.0,Khóa mạng (Lock),Đã sử dụng (chưa sửa chữa),Đã sửa chữa,Mỹ (LL/A),128.0,100%,100%,7-12 tháng
iPhone 15,9580000.0,Quốc tế (Không khoá mạng),Đã sử dụng (chưa sửa chữa),Đã sửa chữa,Mỹ (LL/A),128.0,90%,85-89%,
iPhone 15,12500000.0,Quốc tế (Không khoá mạng),Đã sử dụng (chưa sửa chữa),Đã sửa chữa,Việt Nam,128.0,91%,90-94%,4-6 tháng
iPhone 15,11200000.0,,Đã sử dụng (chưa sửa chữa),Đã sửa chữa,Việt Nam,128.0,100%,100%,Còn bảo hành
iPhone 15,13600000.0,,Đã sử dụng (chưa sửa chữa),Đã sửa chữa,Việt Nam,128.0,91%,90-94%,>12 tháng
iPhone 15,8800000.0,Khóa mạng (Lock),Đã sử dụng (chưa sửa chữa),Đã sửa chữa,Mỹ (LL/A),128.0,82%,80-84%,Hết bảo hành
iPhone 15,11600000.0,Quốc tế (Không khoá mạng),Đã sử dụng (chưa sửa chữa),Đã sửa chữa,Mỹ (LL/A),128.0,100%,100%,3 tháng
iPhone 15,10500000.0,Quốc tế (Không khoá mạng),Đã sử dụng (chưa sửa chữa),Đã sửa chữa,Việt Nam,128.0,90%,90-94%,4-6 tháng
iPhone 15,10200000.0,Quốc tế (Không khoá mạng),Đã sử dụng (chưa sửa chữa),Đã sửa chữa,,128.0,90%,90-94%,
iPhone 15,8800000.0,Khóa mạng (Lock),Đã sử dụng (chưa sửa chữa),Đã sửa chữa,,256.0,88%,85-89%,Còn bảo hành
iPhone 15 Plus,10490000.0,Khóa mạng (Lock),Đã sử dụng (chưa sửa chữa),Đã sửa chữa,Mỹ (LL/A),128.0,83%,80-84%,
iPhone 15 Plus,12990000.0,Quốc tế (Không khoá mạng),Đã sửa chữa / thay linh kiện,Đã sửa chữa,Mỹ (LL/A),128.0,99%,97-99%,Còn bảo hành
iPhone 15 Plus,10600000.0,,Đã sử dụng (chưa sửa chữa),Đã sửa chữa,,128.0,90%,90-94%,
iPhone 15 Plus,12000000.0,Quốc tế (Không khoá mạng),Đã sử dụng (chưa sửa chữa),Đã sửa chữa,Việt Nam,128.0,83%,80-84%,
iPhone 15 Plus,13300000.0,,Đã sử dụng (chưa sửa chữa),Đã sửa chữa,,128.0,100%,100%,
iPhone 15 Plus,14500000.0,,Đã sử dụng (chưa sửa chữa),Đã sửa chữa,Việt Nam,128.0,98%,97-99%,Còn bảo hành
iPhone 15 Plus,13500000.0,Quốc tế (Không khoá mạng),Đã sử dụng (chưa sửa chữa),Đã sửa chữa,Mỹ (LL/A),128.0,90%,90-94%,>12 tháng
iPhone 15 Plus,11300000.0,Quốc tế (Không khoá mạng),Đã sửa chữa / thay linh kiện,Đã sửa chữa,Không rõ,128.0,90%,90-94%,
iPhone 15 Plus,13000000.0,Quốc tế (Không khoá mạng),Đã sử dụng (chưa sửa chữa),Đã sửa chữa,,128.0,83%,80-84%,Hết bảo hành
iPhone 15 Plus,14800000.0,Quốc tế (Không khoá mạng),Đã sử dụng (chưa sửa chữa),Đã sửa chữa,Mỹ (LL/A),128.0,86%,85-89%,
iPhone 15 Plus,4800000.0,,Đã sử dụng (chưa sửa chữa),Màn thay,,128.0,88%,85-89%,
iPhone 15 Plus,9990000.0,Quốc tế (Không khoá mạng),Đã sử dụng (chưa sửa chữa),Đã sửa chữa,,128.0,90%,85-89%,
iPhone 15 Plus,8900000.0,Khóa mạng (Lock),Đã sử dụng (chưa sửa chữa),Đã sửa chữa,,128.0,88%,85-89%,
iPhone 15 Plus,11490000.0,Quốc tế (Không khoá mạng),Đã sử dụng (chưa sửa chữa),"Màn thay, Pin thay",Việt Nam,128.0,92%,90-94%,7-12 tháng
iPhone 15 Plus,14700000.0,Quốc tế (Không khoá mạng),Đã sử dụng (chưa sửa chữa),Đã sửa chữa,Mỹ (LL/A),128.0,88%,85-89%,3 tháng
iPhone 15 Plus,12650000.0,Quốc tế (Không khoá mạng),Đã sử dụng (chưa sửa chữa),Đã sửa chữa,Không rõ,128.0,90%,90-94%,Còn bảo hành
iPhone 15 Plus,13500000.0,Quốc tế (Không khoá mạng),Đã sử dụng (chưa sửa chữa),Đã sửa chữa,,128.0,90%,90-94%,
iPhone 15 Plus,12200000.0,,Đã sử dụng (chưa sửa chữa),Đã sửa chữa,Việt Nam,128.0,91%,90-94%,4-6 tháng
iPhone 15 Plus,9990000.0,Quốc tế (Không khoá mạng),Đã sử dụng (chưa sửa chữa),Màn thay,Mỹ (LL/A),128.0,93%,90-94%,4-6 tháng
iPhone 15 Plus,13500000.0,,Đã sử dụng (chưa sửa chữa),Đã sửa chữa,,128.0,90%,90-94%,
iPhone 15 Plus,10490000.0,Khóa mạng (Lock),Đã sử dụng (chưa sửa chữa),Đã sửa chữa,,128.0,90%,85-89%,
iPhone 15 Plus,9990000.0,Quốc tế (Không khoá mạng),Đã sử dụng (chưa sửa chữa),Màn thay,Mỹ (LL/A),128.0,90%,85-89%,
iPhone 15 Plus,9990000.0,Khóa mạng (Lock),Đã sử dụng (chưa sửa chữa),Đã sửa chữa,Mỹ (LL/A),128.0,90%,90-94%,Hết bảo hành
iPhone 15 Plus,4800000.0,,Đã sử dụng (chưa sửa chữa),Đã sửa chữa,,128.0,88%,85-89%,
iPhone 15 Plus,9500000.0,Khóa mạng (Lock),Đã sử dụng (chưa sửa chữa),Đã sửa chữa,,128.0,87%,85-89%,3 tháng
iPhone 15 Plus,12900000.0,,Đã sử dụng (chưa sửa chữa),Đã sửa chữa,,256.0,85%,85-89%,4-6 tháng
iPhone 15 Plus,17000000.0,Quốc tế (Không khoá mạng),Mới,Zin không trầy xước,Chính hãng VN (VNA),128.0,94%,90-94%,
iPhone 15 Plus,12500000.0,Quốc tế (Không khoá mạng),Đã sử dụng (chưa sửa chữa),Đã sửa chữa,Việt Nam,128.0,91%,90-94%,Còn bảo hành
iPhone 15 Plus,12500000.0,,Đã sử dụng (chưa sửa chữa),Đã sửa chữa,Việt Nam,128.0,100%,100%,Còn bảo hành
iPhone 15 Plus,12500000.0,,Đã sử dụng (chưa sửa chữa),Đã sửa chữa,Việt Nam,128.0,100%,100%,Còn bảo hành
iPhone 15 Plus,9990000.0,Khóa mạng (Lock),Mới,Zin không trầy xước,Mỹ (LL/A),128.0,94%,90-94%,7-12 tháng
iPhone 15 Plus,13900000.0,Quốc tế (Không khoá mạng),Đã sử dụng (chưa sửa chữa),Đã sửa chữa,,128.0,93%,90-94%,
iPhone 15 Plus,12200000.0,,Đã sử dụng (chưa sửa chữa),Đã sửa chữa,Việt Nam,128.0,100%,100%,>12 tháng
iPhone 15 Plus,12100000.0,Quốc tế (Không khoá mạng),Đã sửa chữa / thay linh kiện,Màn thay,Mỹ (LL/A),128.0,88%,85-89%,
iPhone 15 Plus,13500000.0,Quốc tế (Không khoá mạng),Đã sử dụng (chưa sửa chữa),Pin thay,,128.0,90%,90-94%,Còn bảo hành
iPhone 15 Plus,15000000.0,Quốc tế (Không khoá mạng),Đã sử dụng (chưa sửa chữa),Đã sửa chữa,Việt Nam,256.0,86%,85-89%,
iPhone 15 Plus,14800000.0,Quốc tế (Không khoá mạng),Đã sử dụng (chưa sửa chữa),Đã sửa chữa,Mỹ (LL/A),128.0,90%,85-89%,7-12 tháng
iPhone 15 Plus,13200000.0,Quốc tế (Không khoá mạng),Đã sử dụng (chưa sửa chữa),Đã sửa chữa,Việt Nam,128.0,84%,80-84%,
iPhone 15 Plus,10990000.0,Khóa mạng (Lock),Đã sử dụng (chưa sửa chữa),Đã sửa chữa,Mỹ (LL/A),128.0,90%,90-94%,3 tháng
iPhone 15 Plus,13500000.0,,Đã sử dụng (chưa sửa chữa),Đã sửa chữa,Mỹ (LL/A),128.0,90%,90-94%,
iPhone 15 Plus,9500000.0,Quốc tế (Không khoá mạng),Đã sử dụng (chưa sửa chữa),Đã sửa chữa,,128.0,89%,85-89%,
iPhone 15 Plus,8300000.0,Quốc tế (Không khoá mạng),Đã sửa chữa / thay linh kiện,Màn thay,,128.0,88%,85-89%,
iPhone 15 Plus,10300000.0,Quốc tế (Không khoá mạng),Đã sử dụng (chưa sửa chữa),Màn thay,,128.0,90%,85-89%,
iPhone 15 Plus,5690000.0,Quốc tế (Không khoá mạng),Đã sử dụng (chưa sửa chữa),Đã sửa chữa,,128.0,88%,85-89%,
iPhone 15 Plus,14300000.0,Quốc tế (Không khoá mạng),Đã sử dụng (chưa sửa chữa),Đã sửa chữa,Trung Quốc,256.0,90%,90-94%,Hết bảo hành
iPhone 15 Plus,14500000.0,Quốc tế (Không khoá mạng),Đã sử dụng (chưa sửa chữa),Đã sửa chữa,Mỹ (LL/A),256.0,91%,90-94%,7-12 tháng
iPhone 15 Plus,12500000.0,Quốc tế (Không khoá mạng),Đã sử dụng (chưa sửa chữa),Đã sửa chữa,Việt Nam,128.0,84%,80-84%,
iPhone 15 Plus,13500000.0,Quốc tế (Không khoá mạng),Đã sử dụng (chưa sửa chữa),Đã sửa chữa,Việt Nam,128.0,81%,80-84%,
iPhone 15 Plus,10500000.0,,Đã sử dụng (chưa sửa chữa),Đã sửa chữa,,128.0,90%,85-89%,
iPhone 15 Plus,16400000.0,Quốc tế (Không khoá mạng),Đã sử dụng (chưa sửa chữa),Màn thay,Chính hãng VN (VNA),512.0,85%,85-89%,Còn bảo hành
iPhone 15 Pro,15990000.0,Quốc tế (Không khoá mạng),Mới,Zin không trầy xước,Trung Quốc,128.0,100%,100%,Hết bảo hành
iPhone 15 Pro,12490000.0,Khóa mạng (Lock),Đã sử dụng (chưa sửa chữa),Đã sửa chữa,Mỹ (LL/A),128.0,85%,85-89%,
iPhone 15 Pro,12345678.0,Khóa mạng (Lock),Đã sử dụng (chưa sửa chữa),Đã sửa chữa,,128.0,90%,90-94%,
iPhone 15 Pro,15800000.0,Quốc tế (Không khoá mạng),Đã sử dụng (chưa sửa chữa),Pin thay,Việt Nam,256.0,90%,85-89%,3 tháng
iPhone 15 Pro,9500000.0,Quốc tế (Không khoá mạng),Đã sửa chữa / thay linh kiện,Màn thay,Việt Nam,128.0,89%,85-89%,
iPhone 15 Pro,15999000.0,Quốc tế (Không khoá mạng),Đã sử dụng (chưa sửa chữa),Đã sửa chữa,Mỹ (LL/A),512.0,90%,85-89%,
iPhone 15 Pro,12500000.0,,Đã sử dụng (chưa sửa chữa),"Màn thay, Pin thay",,128.0,90%,90-94%,
iPhone 15 Pro,12000000.0,Quốc tế (Không khoá mạng),Đã sử dụng (chưa sửa chữa),Màn thay,Mỹ (LL/A),128.0,90%,85-89%,Còn bảo hành
iPhone 15 Pro,14800000.0,Quốc tế (Không khoá mạng),Đã sử dụng (chưa sửa chữa),Đã sửa chữa,Trung Quốc,128.0,87%,85-89%,
iPhone 15 Pro,15900000.0,Quốc tế (Không khoá mạng),Đã sử dụng (chưa sửa chữa),Đã sửa chữa,Mỹ (LL/A),128.0,90%,85-89%,>12 tháng
iPhone 15 Pro,16000000.0,Quốc tế (Không khoá mạng),Đã sử dụng (chưa sửa chữa),Đã sửa chữa,,256.0,90%,85-89%,
iPhone 15 Pro,12000000.0,Quốc tế (Không khoá mạng),Đã sử dụng (chưa sửa chữa),Đã sửa chữa,,128.0,84%,80-84%,
iPhone 15 Pro,14500000.0,Quốc tế (Không khoá mạng),Đã sử dụng (chưa sửa chữa),Đã sửa chữa,Mỹ (LL/A),128.0,90%,90-94%,
iPhone 15 Pro,16699000.0,Quốc tế (Không khoá mạng),Đã sử dụng (chưa sửa chữa),Đã sửa chữa,Mỹ (LL/A),128.0,91%,90-94%,7-12 tháng
iPhone 15 Pro,16500000.0,Quốc tế (Không khoá mạng),Đã sử dụng (chưa sửa chữa),Đã sửa chữa,Mỹ (LL/A),128.0,90%,90-94%,7-12 tháng
iPhone 15 Pro,14500000.0,Quốc tế (Không khoá mạng),Đã sử dụng (chưa sửa chữa),Đã sửa chữa,Việt Nam,128.0,89%,85-89%,
iPhone 15 Pro,14500000.0,Quốc tế (Không khoá mạng),Đã sử dụng (chưa sửa chữa),Đã sửa chữa,Mỹ (LL/A),256.0,90%,90-94%,3 tháng
iPhone 15 Pro,8200000.0,,Đã sử dụng (chưa sửa chữa),Màn thay,,128.0,88%,85-89%,
iPhone 15 Pro,12800000.0,Quốc tế (Không khoá mạng),Đã sử dụng (chưa sửa chữa),Màn thay,,256.0,91%,90-94%,
iPhone 15 Pro,16290000.0,,Đã sử dụng (chưa sửa chữa),Đã sửa chữa,Trung Quốc,128.0,90%,90-94%,4-6 tháng
iPhone 15 Pro,11950000.0,Quốc tế (Không khoá mạng),Đã sử dụng (chưa sửa chữa),Đã sửa chữa,,128.0,95%,95-96%,Còn bảo hành
iPhone 15 Pro,11800000.0,Quốc tế (Không khoá mạng),Đã sử dụng (chưa sửa chữa),Màn thay,Mỹ (LL/A),256.0,90%,85-89%,Hết bảo hành
iPhone 15 Pro,14350000.0,Quốc tế (Không khoá mạng),Đã sử dụng (chưa sửa chữa),Đã sửa chữa,Việt Nam,128.0,88%,85-89%,1 tháng
iPhone 15 Pro,10000000.0,Quốc tế (Không khoá mạng),Đã sử dụng (chưa sửa chữa),Đã sửa chữa,Việt Nam,128.0,95%,95-96%,
iPhone 15 Pro,15500000.0,Quốc tế (Không khoá mạng),Đã sử dụng (chưa sửa chữa),Đã sửa chữa,Mỹ (LL/A),128.0,90%,90-94%,4-6 tháng
iPhone 15 Pro,18500000.0,,Đã sử dụng (chưa sửa chữa),Đã sửa chữa,,256.0,87%,85-89%,3 tháng
iPhone 15 Pro,17900000.0,Quốc tế (Không khoá mạng),Đã sử dụng (chưa sửa chữa),Đã sửa chữa,Mỹ (LL/A),256.0,100%,100%,3 tháng
iPhone 15 Pro,11300000.0,Quốc tế (Không khoá mạng),Đã sử dụng (chưa sửa chữa),Đã sửa chữa,Mỹ (LL/A),256.0,90%,90-94%,7-12 tháng
iPhone 15 Pro,16900000.0,Quốc tế (Không khoá mạng),Đã sử dụng (chưa sửa chữa),Đã sửa chữa,Chính hãng VN (VNA),256.0,87%,85-89%,3 tháng
iPhone 15 Pro,15399000.0,Quốc tế (Không khoá mạng),Đã sử dụng (chưa sửa chữa),Đã sửa chữa,Việt Nam,128.0,85%,85-89%,4-6 tháng
iPhone 15 Pro,14990000.0,,Đã sử dụng (chưa sửa chữa),Màn thay,Việt Nam,128.0,90%,85-89%,1 tháng
iPhone 15 Pro,8400000.0,Khóa mạng (Lock),Đã sử dụng (chưa sửa chữa),Màn thay,Mỹ (LL/A),128.0,87%,85-89%,3 tháng
iPhone 15 Pro,12550000.0,Quốc tế (Không khoá mạng),Đã sử dụng (chưa sửa chữa),Đã sửa chữa,,256.0,93%,90-94%,Còn bảo hành
iPhone 15 Pro,12000000.0,Khóa mạng (Lock),Đã sử dụng (chưa sửa chữa),Đã sửa chữa,,128.0,90%,85-89%,>12 tháng
iPhone 15 Pro,11500000.0,,Đã sử dụng (chưa sửa chữa),Màn thay,,256.0,90%,90-94%,
iPhone 15 Pro,15999999.0,Quốc tế (Không khoá mạng),Đã sử dụng (chưa sửa chữa),Đã sửa chữa,Mỹ (LL/A),256.0,86%,85-89%,
iPhone 15 Pro,15999999.0,Quốc tế (Không khoá mạng),Đã sử dụng (chưa sửa chữa),Đã sửa chữa,Mỹ (LL/A),256.0,86%,85-89%,
iPhone 15 Pro,16490000.0,Quốc tế (Không khoá mạng),Đã sử dụng (chưa sửa chữa),Đã sửa chữa,Mỹ (LL/A),128.0,90%,90-94%,>12 tháng
iPhone 15 Pro,16300000.0,Quốc tế (Không khoá mạng),Đã sử dụng (chưa sửa chữa),Đã sửa chữa,Trung Quốc,256.0,89%,85-89%,Hết bảo hành
iPhone 15 Pro,15900000.0,Quốc tế (Không khoá mạng),Đã sử dụng (chưa sửa chữa),Đã sửa chữa,Mỹ (LL/A),128.0,88%,85-89%,Hết bảo hành
iPhone 15 Pro,15900000.0,Quốc tế (Không khoá mạng),Đã sử dụng (chưa sửa chữa),Đã sửa chữa,Mỹ (LL/A),128.0,88%,85-89%,Hết bảo hành
iPhone 15 Pro,13800000.0,Quốc tế (Không khoá mạng),Đã sử dụng (chưa sửa chữa),Pin thay,,128.0,90%,85-89%,
iPhone 15 Pro,17990000.0,Quốc tế (Không khoá mạng),Mới,Zin không trầy xước,Việt Nam,256.0,100%,100%,
iPhone 15 Pro,15990000.0,Quốc tế (Không khoá mạng),Đã sử dụng (chưa sửa chữa),Đã sửa chữa,Trung Quốc,128.0,93%,90-94%,
iPhone 15 Pro,15999000.0,,Đã sử dụng (chưa sửa chữa),Đã sửa chữa,Chính hãng VN (VNA),128.0,90%,90-94%,1 tháng
iPhone 15 Pro,15790000.0,Quốc tế (Không khoá mạng),Đã sử dụng (chưa sửa chữa),Đã sửa chữa,Việt Nam,128.0,88%,85-89%,
iPhone 15 Pro,19000000.0,Quốc tế (Không khoá mạng),Đã sử dụng (chưa sửa chữa),Đã sửa chữa,,128.0,99%,97-99%,
iPhone 15 Pro,15200000.0,Quốc tế (Không khoá mạng),Đã sử dụng (chưa sửa chữa),Đã sửa chữa,,128.0,90%,90-94%,7-12 tháng
iPhone 15 Pro,13500000.0,Quốc tế (Không khoá mạng),Đã sử dụng (chưa sửa chữa),Màn thay,Mỹ (LL/A),128.0,90%,85-89%,Còn bảo hành
iPhone 15 Pro,14900000.0,Quốc tế (Không khoá mạng),Đã sử dụng (chưa sửa chữa),Đã sửa chữa,Trung Quốc,256.0,90%,85-89%,
iPhone 15 Pro Max,17500000.0,,Đã sử dụng (chưa sửa chữa),Đã sửa chữa,Việt Nam,256.0,91%,90-94%,
iPhone 15 Pro Max,17300000.0,,Đã sử dụng (chưa sửa chữa),Đã sửa chữa,Mỹ (LL/A),256.0,100%,100%,Còn bảo hành
iPhone 15 Pro Max,17200000.0,Quốc tế (Không khoá mạng),Đã sử dụng (chưa sửa chữa),Màn thay,,256.0,91%,90-94%,>12 tháng
iPhone 15 Pro Max,18300000.0,,Đã sử dụng (chưa sửa chữa),Đã sửa chữa,Trung Quốc,256.0,91%,90-94%,
iPhone 15 Pro Max,18000000.0,Quốc tế (Không khoá mạng),Đã sử dụng (chưa sửa chữa),Đã sửa chữa,Việt Nam,256.0,92%,90-94%,Còn bảo hành
iPhone 15 Pro Max,15500000.0,Quốc tế (Không khoá mạng),Đã sử dụng (chưa sửa chữa),Màn thay,Mỹ (LL/A),256.0,84%,80-84%,
iPhone 15 Pro Max,17800000.0,Quốc tế (Không khoá mạng),Đã sử dụng (chưa sửa chữa),Pin thay,Việt Nam,256.0,92%,90-94%,7-12 tháng
iPhone 15 Pro Max,20890000.0,Quốc tế (Không khoá mạng),Đã sử dụng (chưa sửa chữa),Pin thay,Trung Quốc,512.0,94%,90-94%,4-6 tháng
iPhone 15 Pro Max,17000000.0,Quốc tế (Không khoá mạng),Đã sử dụng (chưa sửa chữa),Đã sửa chữa,Việt Nam,256.0,90%,90-94%,
iPhone 15 Pro Max,16850000.0,Quốc tế (Không khoá mạng),Đã sử dụng (chưa sửa chữa),Đã sửa chữa,Việt Nam,512.0,92%,90-94%,Còn bảo hành
iPhone 15 Pro Max,19500000.0,Quốc tế (Không khoá mạng),Đã sử dụng (chưa sửa chữa),Đã sửa chữa,Việt Nam,256.0,100%,100%,Hết bảo hành
iPhone 15 Pro Max,18200000.0,Quốc tế (Không khoá mạng),Đã sử dụng (chưa sửa chữa),Đã sửa chữa,Mỹ (LL/A),256.0,92%,90-94%,>12 tháng
iPhone 15 Pro Max,15500000.0,Quốc tế (Không khoá mạng),Đã sử dụng (chưa sửa chữa),Đã sửa chữa,Mỹ (LL/A),256.0,90%,85-89%,Còn bảo hành
iPhone 15 Pro Max,15500000.0,Quốc tế (Không khoá mạng),Đã sử dụng (chưa sửa chữa),Đã sửa chữa,Trung Quốc,256.0,90%,85-89%,
iPhone 15 Pro Max,20999000.0,Quốc tế (Không khoá mạng),Đã sử dụng (chưa sửa chữa),Đã sửa chữa,Mỹ (LL/A),1024.0,100%,100%,7-12 tháng
iPhone 15 Pro Max,18900000.0,,Đã sử dụng (chưa sửa chữa),Đã sửa chữa,Mỹ (LL/A),256.0,90%,90-94%,7-12 tháng
iPhone 15 Pro Max,18990000.0,Quốc tế (Không khoá mạng),Đã sử dụng (chưa sửa chữa),Đã sửa chữa,Mỹ (LL/A),256.0,88%,85-89%,3 tháng
iPhone 15 Pro Max,16500000.0,Quốc tế (Không khoá mạng),Đã sử dụng (chưa sửa chữa),Đã sửa chữa,Không rõ,256.0,88%,85-89%,Hết bảo hành
iPhone 15 Pro Max,10500000.0,Quốc tế (Không khoá mạng),Đã sử dụng (chưa sửa chữa),Màn thay,Việt Nam,256.0,90%,85-89%,
iPhone 15 Pro Max,15600000.0,Quốc tế (Không khoá mạng),Đã sử dụng (chưa sửa chữa),Đã sửa chữa,,512.0,93%,90-94%,Còn bảo hành
iPhone 15 Pro Max,16500000.0,,Đã sử dụng (chưa sửa chữa),Đã sửa chữa,,256.0,88%,85-89%,
iPhone 15 Pro Max,21500000.0,Quốc tế (Không khoá mạng),Đã sử dụng (chưa sửa chữa),Đã sửa chữa,Mỹ (LL/A),256.0,94%,90-94%,4-6 tháng
iPhone 15 Pro Max,15850000.0,Quốc tế (Không khoá mạng),Đã sử dụng (chưa sửa chữa),Đã sửa chữa,Mỹ (LL/A),256.0,88%,85-89%,
iPhone 15 Pro Max,15950000.0,Quốc tế (Không khoá mạng),Đã sử dụng (chưa sửa chữa),Đã sửa chữa,Việt Nam,256.0,90%,85-89%,Còn bảo hành
iPhone 15 Pro Max,17000000.0,Quốc tế (Không khoá mạng),Đã sử dụng (chưa sửa chữa),Đã sửa chữa,Không rõ,256.0,90%,90-94%,
iPhone 15 Pro Max,17550000.0,Quốc tế (Không khoá mạng),Đã sử dụng (chưa sửa chữa),Đã sửa chữa,Mỹ (LL/A),512.0,95%,90-94%,Còn bảo hành
iPhone 15 Pro Max,16500000.0,Quốc tế (Không khoá mạng),Đã sử dụng (chưa sửa chữa),Đã sửa chữa,Mỹ (LL/A),256.0,89%,85-89%,Còn bảo hành
iPhone 15 Pro Max,16990000.0,Quốc tế (Không khoá mạng),Đã sử dụng (chưa sửa chữa),Đã sửa chữa,Việt Nam,256.0,89%,85-89%,7-12 tháng
iPhone 15 Pro Max,17500000.0,Quốc tế (Không khoá mạng),Đã sử dụng (chưa sửa chữa),Đã sửa chữa,Mỹ (LL/A),256.0,87%,85-89%,Còn bảo hành
iPhone 15 Pro Max,17500000.0,Quốc tế (Không khoá mạng),Đã sử dụng (chưa sửa chữa),Đã sửa chữa,Mỹ (LL/A),256.0,83%,80-84%,
iPhone 15 Pro Max,19990000.0,Quốc tế (Không khoá mạng),Đã sử dụng (chưa sửa chữa),Đã sửa chữa,Mỹ (LL/A),1024.0,94%,90-94%,1 tháng
iPhone 15 Pro Max,16799000.0,Quốc tế (Không khoá mạng),Đã sử dụng (chưa sửa chữa),Đã sửa chữa,,256.0,86%,85-89%,
iPhone 15 Pro Max,19900000.0,Quốc tế (Không khoá mạng),Đã sử dụng (chưa sửa chữa),Đã sửa chữa,Việt Nam,256.0,92%,90-94%,Hết bảo hành
iPhone 15 Pro Max,17990000.0,Quốc tế (Không khoá mạng),Đã sử dụng (chưa sửa chữa),Đã sửa chữa,Mỹ (LL/A),256.0,92%,90-94%,Hết bảo hành
iPhone 15 Pro Max,14500000.0,,Đã sử dụng (chưa sửa chữa),Đã sửa chữa,,256.0,90%,90-94%,4-6 tháng
iPhone 15 Pro Max,16500000.0,,Đã sử dụng (chưa sửa chữa),Đã sửa chữa,,512.0,90%,90-94%,4-6 tháng
iPhone 15 Pro Max,19600000.0,Quốc tế (Không khoá mạng),Đã sử dụng (chưa sửa chữa),Đã sửa chữa,Trung Quốc,256.0,93%,90-94%,Hết bảo hành
iPhone 15 Pro Max,16990000.0,,Đã sử dụng (chưa sửa chữa),Đã sửa chữa,,256.0,89%,85-89%,
iPhone 15 Pro Max,12999000.0,Quốc tế (Không khoá mạng),Đã sử dụng (chưa sửa chữa),Đã sửa chữa,Việt Nam,256.0,85%,85-89%,3 tháng
iPhone 15 Pro Max,18800000.0,Quốc tế (Không khoá mạng),Mới,Zin không trầy xước,Việt Nam,256.0,84%,80-84%,Còn bảo hành
iPhone 15 Pro Max,16500000.0,Quốc tế (Không khoá mạng),Đã sử dụng (chưa sửa chữa),Đã sửa chữa,Hong Kong,256.0,89%,85-89%,3 tháng
iPhone 15 Pro Max,14800000.0,Quốc tế (Không khoá mạng),Đã sử dụng (chưa sửa chữa),Đã sửa chữa,,256.0,90%,85-89%,
iPhone 15 Pro Max,17500000.0,Quốc tế (Không khoá mạng),Đã sử dụng (chưa sửa chữa),Đã sửa chữa,Trung Quốc,256.0,90%,90-94%,Hết bảo hành
iPhone 15 Pro Max,20300000.0,Quốc tế (Không khoá mạng),Đã sử dụng (chưa sửa chữa),Đã sửa chữa,Việt Nam,256.0,92%,90-94%,
iPhone 15 Pro Max,19300000.0,Quốc tế (Không khoá mạng),Đã sử dụng (chưa sửa chữa),Đã sửa chữa,Nhật Bản,256.0,91%,90-94%,
iPhone 15 Pro Max,12900000.0,Quốc tế (Không khoá mạng),Đã sử dụng (chưa sửa chữa),Pin thay,Việt Nam,256.0,97%,97-99%,
iPhone 15 Pro Max,17600000.0,Quốc tế (Không khoá mạng),Đã sử dụng (chưa sửa chữa),Đã sửa chữa,Mỹ (LL/A),256.0,91%,90-94%,Hết bảo hành
iPhone 15 Pro Max,20990000.0,Quốc tế (Không khoá mạng),Đã sử dụng (chưa sửa chữa),Đã sửa chữa,Chính hãng VN (VNA),512.0,97%,95-96%,1 tháng
iPhone 15 Pro Max,15500000.0,Quốc tế (Không khoá mạng),Đã sử dụng (chưa sửa chữa),Đã sửa chữa,Việt Nam,256.0,92%,90-94%,3 tháng
iPhone 15 Pro Max,19090000.0,Quốc tế (Không khoá mạng),Đã sử dụng (chưa sửa chữa),Pin thay,Mỹ (LL/A),256.0,89%,85-89%,Còn bảo hành
iPhone 15 Pro Max,12900000.0,Khóa mạng (Lock),Đã sử dụng (chưa sửa chữa),Đã sửa chữa,,256.0,91%,90-94%,
iPhone 15 Pro Max,19990000.0,Quốc tế (Không khoá mạng),Đã sử dụng (chưa sửa chữa),Đã sửa chữa,Việt Nam,256.0,90%,90-94%,Hết bảo hành
iPhone 15 Pro Max,18900000.0,Quốc tế (Không khoá mạng),Đã sử dụng (chưa sửa chữa),Đã sửa chữa,Mỹ (LL/A),256.0,85%,85-89%,Hết bảo hành
iPhone 15 Pro Max,16800000.0,Quốc tế (Không khoá mạng),Đã sử dụng (chưa sửa chữa),Đã sửa chữa,Mỹ (LL/A),256.0,90%,85-89%,3 tháng
iPhone 15 Pro Max,19600000.0,Quốc tế (Không khoá mạng),Đã sử dụng (chưa sửa chữa),Đã sửa chữa,Việt Nam,256.0,93%,90-94%,4-6 tháng
iPhone 15 Pro Max,11000000.0,Quốc tế (Không khoá mạng),Đã sử dụng (chưa sửa chữa),Màn thay,Mỹ (LL/A),256.0,90%,90-94%,
iPhone 15 Pro Max,11200000.0,Quốc tế (Không khoá mạng),Đã sử dụng (chưa sửa chữa),Đã sửa chữa,,256.0,90%,90-94%,
iPhone 15 Pro Max,13500000.0,Quốc tế (Không khoá mạng),Đã sử dụng (chưa sửa chữa),Màn thay,Mỹ (LL/A),256.0,91%,90-94%,4-6 tháng
iPhone 15 Pro Max,17800000.0,Quốc tế (Không khoá mạng),Đã sử dụng (chưa sửa chữa),Đã sửa chữa,,512.0,96%,95-96%,
iPhone 15 Pro Max,18500000.0,Quốc tế (Không khoá mạng),Đã sử dụng (chưa sửa chữa),Đã sửa chữa,,256.0,91%,90-94%,
iPhone 15 Pro Max,18900000.0,Quốc tế (Không khoá mạng),Đã sử dụng (chưa sửa chữa),Đã sửa chữa,Mỹ (LL/A),256.0,90%,90-94%,4-6 tháng
iPhone 15 Pro Max,13500000.0,Quốc tế (Không khoá mạng),Đã sử dụng (chưa sửa chữa),Đã sửa chữa,Việt Nam,256.0,94%,90-94%,
iPhone 15 Pro Max,14900000.0,Quốc tế (Không khoá mạng),Đã sử dụng (chưa sửa chữa),Đã sửa chữa,,256.0,90%,85-89%,
iPhone 15 Pro Max,13900000.0,Quốc tế (Không khoá mạng),Đã sử dụng (chưa sửa chữa),Màn thay,,256.0,90%,90-94%,
iPhone 15 Pro Max,13200000.0,Quốc tế (Không khoá mạng),Đã sử dụng (chưa sửa chữa),Màn thay,Mỹ (LL/A),512.0,92%,90-94%,1 tháng
iPhone 15 Pro Max,19800000.0,,Đã sử dụng (chưa sửa chữa),Đã sửa chữa,,256.0,100%,100%,4-6 tháng
iPhone 15 Pro Max,15190000.0,Quốc tế (Không khoá mạng),Đã sử dụng (chưa sửa chữa),Đã sửa chữa,,128.0,90%,90-94%,
iPhone 15 Pro Max,17200000.0,,Đã sử dụng (chưa sửa chữa),Đã sửa chữa,Việt Nam,256.0,88%,85-89%,
iPhone 15 Pro Max,16500000.0,Quốc tế (Không khoá mạng),Đã sử dụng (chưa sửa chữa),Đã sửa chữa,Mỹ (LL/A),256.0,89%,85-89%,3 tháng
iPhone 15 Pro Max,13500000.0,Quốc tế (Không khoá mạng),Đã sử dụng (chưa sửa chữa),Đã sửa chữa,Mỹ (LL/A),256.0,89%,85-89%,1 tháng
iPhone 15 Pro Max,16500000.0,Quốc tế (Không khoá mạng),Đã sử dụng (chưa sửa chữa),Đã sửa chữa,Mỹ (LL/A),256.0,89%,85-89%,3 tháng
iPhone 15 Pro Max,18500000.0,,Đã sử dụng (chưa sửa chữa),Đã sửa chữa,Mỹ (LL/A),512.0,95%,95-96%,Còn bảo hành
iPhone 15 Pro Max,18500000.0,,Đã sử dụng (chưa sửa chữa),Đã sửa chữa,Việt Nam,512.0,100%,100%,Còn bảo hành
iPhone 15 Pro Max,13999000.0,Quốc tế (Không khoá mạng),Đã sử dụng (chưa sửa chữa),Đã sửa chữa,Chính hãng VN (VNA),512.0,91%,90-94%,4-6 tháng
iPhone 15 Pro Max,17990000.0,Quốc tế (Không khoá mạng),Đã sử dụng (chưa sửa chữa),Đã sửa chữa,Mỹ (LL/A),512.0,96%,95-96%,
iPhone 15 Pro Max,15500000.0,Khóa mạng (Lock),Đã sử dụng (chưa sửa chữa),Đã sửa chữa,,256.0,91%,90-94%,3 tháng
iPhone 15 Pro Max,16490000.0,Quốc tế (Không khoá mạng),Đã sử dụng (chưa sửa chữa),Đã sửa chữa,Mỹ (LL/A),256.0,88%,85-89%,
iPhone 15 Pro Max,16800000.0,Quốc tế (Không khoá mạng),Đã sử dụng (chưa sửa chữa),Đã sửa chữa,Mỹ (LL/A),256.0,90%,85-89%,
iPhone 15 Pro Max,17900000.0,,Mới,Zin không trầy xước,Việt Nam,512.0,100%,100%,Còn bảo hành
iPhone 15 Pro Max,18500000.0,Quốc tế (Không khoá mạng),Đã sử dụng (chưa sửa chữa),Đã sửa chữa,Mỹ (LL/A),256.0,91%,90-94%,>12 tháng
iPhone 15 Pro Max,19900000.0,Quốc tế (Không khoá mạng),Đã sử dụng (chưa sửa chữa),Đã sửa chữa,Mỹ (LL/A),1024.0,90%,90-94%,
iPhone 15 Pro Max,18000000.0,Quốc tế (Không khoá mạng),Đã sử dụng (chưa sửa chữa),Đã sửa chữa,Mỹ (LL/A),256.0,84%,80-84%,
iPhone 15 Pro Max,17900000.0,Quốc tế (Không khoá mạng),Đã sử dụng (chưa sửa chữa),Màn thay,Việt Nam,256.0,92%,90-94%,
iPhone 15 Pro Max,14500000.0,Quốc tế (Không khoá mạng),Đã sử dụng (chưa sửa chữa),Đã sửa chữa,Mỹ (LL/A),128.0,90%,85-89%,7-12 tháng
iPhone 15 Pro Max,17900000.0,Quốc tế (Không khoá mạng),Đã sử dụng (chưa sửa chữa),Đã sửa chữa,Chính hãng VN (VNA),256.0,92%,90-94%,7-12 tháng
iPhone 15 Pro Max,14500000.0,,Đã sử dụng (chưa sửa chữa),Đã sửa chữa,,256.0,90%,90-94%,4-6 tháng
iPhone 15 Pro Max,19400000.0,Quốc tế (Không khoá mạng),Đã sử dụng (chưa sửa chữa),Đã sửa chữa,Việt Nam,256.0,86%,85-89%,3 tháng
iPhone 15 Pro Max,12800000.0,Quốc tế (Không khoá mạng),Đã sử dụng (chưa sửa chữa),Đã sửa chữa,Việt Nam,256.0,98%,97-99%,
iPhone 15 Pro Max,9500000.0,Quốc tế (Không khoá mạng),Đã sử dụng (chưa sửa chữa),Đã sửa chữa,Việt Nam,256.0,85%,85-89%,Hết bảo hành
iPhone 15 Pro Max,13500000.0,Quốc tế (Không khoá mạng),Đã sử dụng (chưa sửa chữa),Đã sửa chữa,,256.0,89%,85-89%,3 tháng
iPhone 15 Pro Max,18500000.0,Quốc tế (Không khoá mạng),Đã sử dụng (chưa sửa chữa),Đã sửa chữa,Việt Nam,256.0,91%,90-94%,
iPhone 15 Pro Max,17500000.0,Quốc tế (Không khoá mạng),Đã sử dụng (chưa sửa chữa),Đã sửa chữa,Việt Nam,256.0,91%,90-94%,1 tháng
iPhone 15 Pro Max,16200000.0,Quốc tế (Không khoá mạng),Đã sử dụng (chưa sửa chữa),Đã sửa chữa,Mỹ (LL/A),256.0,84%,80-84%,7-12 tháng
iPhone 15 Pro Max,14700000.0,Quốc tế (Không khoá mạng),Đã sử dụng (chưa sửa chữa),Màn thay,,256.0,90%,90-94%,
iPhone 15 Pro Max,15900000.0,,Đã sử dụng (chưa sửa chữa),Đã sửa chữa,,256.0,90%,85-89%,
iPhone 15 Pro Max,14600000.0,Quốc tế (Không khoá mạng),Đã sử dụng (chưa sửa chữa),Đã sửa chữa,Việt Nam,256.0,89%,85-89%,3 tháng
iPhone 15 Pro Max,15990000.0,,Đã sử dụng (chưa sửa chữa),Đã sửa chữa,,256.0,90%,85-89%,
iPhone 15 Pro Max,15800000.0,,Đã sử dụng (chưa sửa chữa),Đã sửa chữa,,256.0,90%,85-89%,
iPhone 15 Pro Max,18990000.0,,Đã sử dụng (chưa sửa chữa),Đã sửa chữa,,256.0,91%,90-94%,
iPhone 15 Pro Max,18990000.0,Quốc tế (Không khoá mạng),Đã sử dụng (chưa sửa chữa),Đã sửa chữa,Mỹ (LL/A),256.0,91%,90-94%,7-12 tháng
iPhone 15 Pro Max,17000000.0,Quốc tế (Không khoá mạng),Đã sử dụng (chưa sửa chữa),Đã sửa chữa,,256.0,90%,90-94%,
iPhone 15 Pro Max,16000000.0,Quốc tế (Không khoá mạng),Đã sử dụng (chưa sửa chữa),Đã sửa chữa,,256.0,90%,85-89%,
iPhone 15 Pro Max,19000000.0,,Đã sử dụng (chưa sửa chữa),Đã sửa chữa,,256.0,100%,100%,
iPhone 15 Pro Max,19500000.0,Quốc tế (Không khoá mạng),Đã sử dụng (chưa sửa chữa),Đã sửa chữa,Mỹ (LL/A),256.0,90%,90-94%,
iPhone 15 Pro Max,16500000.0,Quốc tế (Không khoá mạng),Đã sử dụng (chưa sửa chữa),Đã sửa chữa,,256.0,89%,85-89%,>12 tháng
iPhone 15 Pro Max,17990000.0,Quốc tế (Không khoá mạng),Đã sử dụng (chưa sửa chữa),Đã sửa chữa,Việt Nam,256.0,92%,90-94%,2 tháng
iPhone 15 Pro Max,19800000.0,Quốc tế (Không khoá mạng),Đã sử dụng (chưa sửa chữa),Đã sửa chữa,Việt Nam,256.0,89%,85-89%,
iPhone 15 Pro Max,14700000.0,Khóa mạng (Lock),Đã sử dụng (chưa sửa chữa),Đã sửa chữa,,256.0,88%,85-89%,
iPhone 15 Pro Max,15499000.0,Quốc tế (Không khoá mạng),Đã sử dụng (chưa sửa chữa),Đã sửa chữa,Mỹ (LL/A),256.0,90%,85-89%,Hết bảo hành
iPhone 15 Pro Max,18000000.0,,Đã sử dụng (chưa sửa chữa),Đã sửa chữa,,256.0,95%,95-96%,
iPhone 15 Pro Max,19990000.0,Quốc tế (Không khoá mạng),Đã sử dụng (chưa sửa chữa),Đã sửa chữa,,256.0,92%,90-94%,
iPhone 15 Pro Max,14500000.0,,Đã sử dụng (chưa sửa chữa),Đã sửa chữa,,256.0,90%,90-94%,
iPhone 15 Pro Max,16000000.0,Quốc tế (Không khoá mạng),Đã sử dụng (chưa sửa chữa),Đã sửa chữa,Mỹ (LL/A),256.0,90%,85-89%,Hết bảo hành
iPhone 15 Pro Max,18490000.0,Quốc tế (Không khoá mạng),Đã sử dụng (chưa sửa chữa),Đã sửa chữa,Việt Nam,256.0,88%,85-89%,
iPhone 15 Pro Max,17200000.0,Quốc tế (Không khoá mạng),Đã sử dụng (chưa sửa chữa),Đã sửa chữa,Mỹ (LL/A),512.0,100%,100%,>12 tháng
iPhone 15 Pro Max,14490000.0,Khóa mạng (Lock),Đã sử dụng (chưa sửa chữa),Đã sửa chữa,Mỹ (LL/A),256.0,90%,90-94%,7-12 tháng
iPhone 15 Pro Max,16300000.0,Quốc tế (Không khoá mạng),Đã sử dụng (chưa sửa chữa),Đã sửa chữa,,256.0,89%,85-89%,
iPhone 15 Pro Max,11700000.0,Quốc tế (Không khoá mạng),Đã sử dụng (chưa sửa chữa),"Màn thay, Pin thay",,256.0,90%,90-94%,1 tháng
iPhone 15 Pro Max,12600000.0,Quốc tế (Không khoá mạng),Đã sử dụng (chưa sửa chữa),Đã sửa chữa,Mỹ (LL/A),256.0,91%,90-94%,
iPhone 15 Pro Max,18990000.0,Quốc tế (Không khoá mạng),Đã sử dụng (chưa sửa chữa),Đã sửa chữa,Mỹ (LL/A),256.0,85%,85-89%,Hết bảo hành
iPhone 16,16300000.0,Quốc tế (Không khoá mạng),Đã sử dụng (chưa sửa chữa),Đã sửa chữa,Mỹ (LL/A),128.0,100%,100%,4-6 tháng
iPhone 16,18990000.0,Quốc tế (Không khoá mạng),Mới,Zin không trầy xước,Việt Nam,256.0,92%,90-94%,>12 tháng
iPhone 16,15900000.0,Quốc tế (Không khoá mạng),Đã sử dụng (chưa sửa chữa),Đã sửa chữa,Việt Nam,128.0,94%,90-94%,7-12 tháng
iPhone 16,10900000.0,Khóa mạng (Lock),Đã sử dụng (chưa sửa chữa),Đã sửa chữa,,128.0,94%,90-94%,
iPhone 16,17500000.0,Quốc tế (Không khoá mạng),Đã sử dụng (chưa sửa chữa),Đã sửa chữa,Trung Quốc,256.0,94%,90-94%,
iPhone 16,15500000.0,Quốc tế (Không khoá mạng),Đã sử dụng (chưa sửa chữa),Pin thay,Trung Quốc,128.0,93%,90-94%,3 tháng
iPhone 16,15500000.0,Quốc tế (Không khoá mạng),Mới,Zin không trầy xước,Mỹ (LL/A),128.0,95%,90-94%,>12 tháng
iPhone 16,15900000.0,Quốc tế (Không khoá mạng),Đã sử dụng (chưa sửa chữa),Đã sửa chữa,Việt Nam,256.0,92%,90-94%,4-6 tháng
iPhone 16,13500000.0,,Đã sử dụng (chưa sửa chữa),Đã sửa chữa,Việt Nam,128.0,98%,97-99%,
iPhone 16,13000000.0,Quốc tế (Không khoá mạng),Đã sử dụng (chưa sửa chữa),Đã sửa chữa,,128.0,93%,90-94%,
iPhone 16,18500000.0,Quốc tế (Không khoá mạng),Đã sử dụng (chưa sửa chữa),Đã sửa chữa,Việt Nam,128.0,100%,100%,>12 tháng
iPhone 16,14500000.0,Quốc tế (Không khoá mạng),Đã sử dụng (chưa sửa chữa),Đã sửa chữa,Việt Nam,256.0,90%,90-94%,Hết bảo hành
iPhone 16,14500000.0,Quốc tế (Không khoá mạng),Đã sử dụng (chưa sửa chữa),Đã sửa chữa,,128.0,94%,90-94%,
iPhone 16,13200000.0,,Đã sử dụng (chưa sửa chữa),Đã sửa chữa,Việt Nam,128.0,100%,100%,Còn bảo hành
iPhone 16,13200000.0,,Đã sử dụng (chưa sửa chữa),Đã sửa chữa,Việt Nam,128.0,100%,100%,Còn bảo hành
iPhone 16,10800000.0,,Mới,Zin không trầy xước,Việt Nam,128.0,94%,90-94%,>12 tháng
iPhone 16,12300000.0,Khóa mạng (Lock),Đã sử dụng (chưa sửa chữa),Đã sửa chữa,,128.0,94%,90-94%,
iPhone 16,14300000.0,,Đã sử dụng (chưa sửa chữa),Đã sửa chữa,Việt Nam,256.0,90%,90-94%,
iPhone 16,12900000.0,Quốc tế (Không khoá mạng),Đã sử dụng (chưa sửa chữa),Đã sửa chữa,Trung Quốc,128.0,86%,85-89%,3 tháng
iPhone 16 Plus,15500000.0,Quốc tế (Không khoá mạng),Đã sử dụng (chưa sửa chữa),Đã sửa chữa,,128.0,92%,90-94%,
iPhone 16 Plus,12990000.0,Khóa mạng (Lock),Mới,Zin không trầy xước,Mỹ (LL/A),128.0,94%,90-94%,
iPhone 16 Plus,15900000.0,Quốc tế (Không khoá mạng),Đã sử dụng (chưa sửa chữa),Đã sửa chữa,Mỹ (LL/A),128.0,94%,90-94%,
iPhone 16 Plus,16500000.0,Quốc tế (Không khoá mạng),Đã sử dụng (chưa sửa chữa),Đã sửa chữa,,128.0,97%,97-99%,
iPhone 16 Plus,16800000.0,Quốc tế (Không khoá mạng),Đã sử dụng (chưa sửa chữa),Pin thay,Chính hãng VN (VNA),256.0,95%,90-94%,3 tháng
iPhone 16 Plus,8000000.0,Quốc tế (Không khoá mạng),Đã sử dụng (chưa sửa chữa),Đã sửa chữa,Việt Nam,128.0,97%,95-96%,Hết bảo hành
iPhone 16 Plus,12350000.0,Khóa mạng (Lock),Đã sử dụng (chưa sửa chữa),Đã sửa chữa,Mỹ (LL/A),128.0,97%,97-99%,Còn bảo hành
iPhone 16 Plus,16990000.0,Quốc tế (Không khoá mạng),Đã sử dụng (chưa sửa chữa),Đã sửa chữa,Trung Quốc,128.0,97%,97-99%,3 tháng
iPhone 16 Plus,13900000.0,Quốc tế (Không khoá mạng),Đã sử dụng (chưa sửa chữa),Đã sửa chữa,Việt Nam,128.0,90%,90-94%,
iPhone 16 Plus,12900000.0,Khóa mạng (Lock),Đã sử dụng (chưa sửa chữa),Đã sửa chữa,Mỹ (LL/A),128.0,97%,97-99%,
iPhone 16 Plus,17900000.0,,Đã sử dụng (chưa sửa chữa),Đã sửa chữa,,128.0,93%,90-94%,4-6 tháng
iPhone 16 Plus,14300000.0,,Đã sử dụng (chưa sửa chữa),Đã sửa chữa,Việt Nam,128.0,100%,100%,Còn bảo hành
iPhone 16 Plus,15900000.0,Quốc tế (Không khoá mạng),Đã sử dụng (chưa sửa chữa),Đã sửa chữa,Việt Nam,128.0,92%,90-94%,7-12 tháng
iPhone 16 Plus,20500000.0,Quốc tế (Không khoá mạng),Đã sử dụng (chưa sửa chữa),Đã sửa chữa,Việt Nam,128.0,100%,100%,Còn bảo hành
iPhone 16 Plus,17900000.0,Quốc tế (Không khoá mạng),Đã sử dụng (chưa sửa chữa),Đã sửa chữa,Việt Nam,256.0,92%,90-94%,
iPhone 16 Plus,16100000.0,Quốc tế (Không khoá mạng),Đã sử dụng (chưa sửa chữa),Đã sửa chữa,,128.0,96%,95-96%,
iPhone 16 Plus,17200000.0,Quốc tế (Không khoá mạng),Đã sử dụng (chưa sửa chữa),Đã sửa chữa,,256.0,95%,90-94%,
iPhone 16 Plus,12500000.0,Khóa mạng (Lock),Đã sử dụng (chưa sửa chữa),Đã sửa chữa,,128.0,96%,95-96%,
iPhone 16 Plus,10950000.0,Quốc tế (Không khoá mạng),Đã sử dụng (chưa sửa chữa),Đã sửa chữa,Việt Nam,256.0,98%,97-99%,2 tháng
iPhone 16 Plus,16500000.0,,Đã sử dụng (chưa sửa chữa),Đã sửa chữa,,128.0,96%,95-96%,
iPhone 16 Plus,17850000.0,Quốc tế (Không khoá mạng),Đã sử dụng (chưa sửa chữa),Đã sửa chữa,Việt Nam,256.0,94%,90-94%,
iPhone 16 Plus,14800000.0,,Đã sử dụng (chưa sửa chữa),Đã sửa chữa,Mỹ (LL/A),128.0,94%,90-94%,Còn bảo hành
iPhone 16 Pro,19800000.0,Quốc tế (Không khoá mạng),Đã sử dụng (chưa sửa chữa),Đã sửa chữa,Trung Quốc,256.0,95%,90-94%,Hết bảo hành
iPhone 16 Pro,19300000.0,Quốc tế (Không khoá mạng),Đã sử dụng (chưa sửa chữa),Pin thay,Trung Quốc,128.0,94%,90-94%,3 tháng
iPhone 16 Pro,22800000.0,Quốc tế (Không khoá mạng),Đã sử dụng (chưa sửa chữa),Đã sửa chữa,Việt Nam,256.0,96%,95-96%,>12 tháng
iPhone 16 Pro,18600000.0,,Đã sử dụng (chưa sửa chữa),Đã sửa chữa,Việt Nam,128.0,100%,100%,2 tháng
iPhone 16 Pro,18999000.0,,Đã sử dụng (chưa sửa chữa),Đã sửa chữa,Việt Nam,256.0,91%,90-94%,Còn bảo hành
iPhone 16 Pro,15700000.0,Khóa mạng (Lock),Đã sử dụng (chưa sửa chữa),Đã sửa chữa,,128.0,95%,90-94%,Hết bảo hành
iPhone 16 Pro,18500000.0,Quốc tế (Không khoá mạng),Đã sử dụng (chưa sửa chữa),Đã sửa chữa,Mỹ (LL/A),128.0,100%,100%,
iPhone 16 Pro,20500000.0,Quốc tế (Không khoá mạng),Đã sử dụng (chưa sửa chữa),Đã sửa chữa,Mỹ (LL/A),128.0,96%,95-96%,Hết bảo hành
iPhone 16 Pro,15999000.0,Khóa mạng (Lock),Đã sử dụng (chưa sửa chữa),Đã sửa chữa,Chính hãng VN (VNA),256.0,96%,95-96%,
iPhone 16 Pro,19700000.0,Quốc tế (Không khoá mạng),Đã sử dụng (chưa sửa chữa),Đã sửa chữa,Mỹ (LL/A),256.0,96%,95-96%,4-6 tháng
iPhone 16 Pro,16490000.0,Quốc tế (Không khoá mạng),Đã sử dụng (chưa sửa chữa),Đã sửa chữa,Chính hãng VN (VNA),128.0,94%,90-94%,7-12 tháng
iPhone 16 Pro,20890000.0,Quốc tế (Không khoá mạng),Đã sử dụng (chưa sửa chữa),Đã sửa chữa,Việt Nam,128.0,98%,97-99%,>12 tháng
iPhone 16 Pro,19000000.0,Quốc tế (Không khoá mạng),Đã sử dụng (chưa sửa chữa),Đã sửa chữa,Việt Nam,128.0,93%,90-94%,3 tháng
iPhone 16 Pro,19500000.0,,Đã sử dụng (chưa sửa chữa),Đã sửa chữa,,128.0,93%,90-94%,Còn bảo hành
iPhone 16 Pro,18000000.0,Quốc tế (Không khoá mạng),Đã sử dụng (chưa sửa chữa),Đã sửa chữa,Trung Quốc,128.0,93%,90-94%,1 tháng
iPhone 16 Pro,15200000.0,Khóa mạng (Lock),Đã sử dụng (chưa sửa chữa),Đã sửa chữa,,128.0,94%,90-94%,7-12 tháng
iPhone 16 Pro,18990000.0,Quốc tế (Không khoá mạng),Đã sử dụng (chưa sửa chữa),Đã sửa chữa,Việt Nam,128.0,90%,90-94%,Hết bảo hành
iPhone 16 Pro,15800000.0,,Đã sử dụng (chưa sửa chữa),Đã sửa chữa,,128.0,95%,95-96%,
iPhone 16 Pro,16000000.0,,Đã sử dụng (chưa sửa chữa),Đã sửa chữa,,256.0,100%,100%,>12 tháng
iPhone 16 Pro,17800000.0,Quốc tế (Không khoá mạng),Đã sử dụng (chưa sửa chữa),Đã sửa chữa,Mỹ (LL/A),256.0,95%,90-94%,3 tháng
iPhone 16 Pro,20900000.0,,Đã sử dụng (chưa sửa chữa),Đã sửa chữa,Việt Nam,128.0,99%,97-99%,4-6 tháng
iPhone 16 Pro,17200000.0,Quốc tế (Không khoá mạng),Đã sử dụng (chưa sửa chữa),Đã sửa chữa,,256.0,95%,90-94%,7-12 tháng
iPhone 16 Pro,17500000.0,,Đã sử dụng (chưa sửa chữa),Đã sửa chữa,Việt Nam,128.0,95%,95-96%,Còn bảo hành
iPhone 16 Pro,26900000.0,Quốc tế (Không khoá mạng),Đã sử dụng (chưa sửa chữa),Đã sửa chữa,Mỹ (LL/A),256.0,100%,100%,7-12 tháng
iPhone 16 Pro,20490000.0,Quốc tế (Không khoá mạng),Đã sử dụng (chưa sửa chữa),Đã sửa chữa,Việt Nam,128.0,96%,95-96%,4-6 tháng
iPhone 16 Pro,19900000.0,Quốc tế (Không khoá mạng),Đã sử dụng (chưa sửa chữa),Đã sửa chữa,Mỹ (LL/A),128.0,95%,90-94%,7-12 tháng
iPhone 16 Pro,19500000.0,Quốc tế (Không khoá mạng),Đã sử dụng (chưa sửa chữa),Đã sửa chữa,,128.0,91%,90-94%,3 tháng
iPhone 16 Pro,15000000.0,,Đã sử dụng (chưa sửa chữa),Đã sửa chữa,,128.0,90%,90-94%,
iPhone 16 Pro,18790000.0,Quốc tế (Không khoá mạng),Đã sử dụng (chưa sửa chữa),Đã sửa chữa,Mỹ (LL/A),128.0,91%,90-94%,
iPhone 16 Pro,16900000.0,Khóa mạng (Lock),Đã sử dụng (chưa sửa chữa),Đã sửa chữa,Mỹ (LL/A),256.0,90%,90-94%,
iPhone 16 Pro,19400000.0,,Đã sử dụng (chưa sửa chữa),Đã sửa chữa,Mỹ (LL/A),128.0,97%,97-99%,4-6 tháng
iPhone 16 Pro,19200000.0,Quốc tế (Không khoá mạng),Đã sử dụng (chưa sửa chữa),Đã sửa chữa,Việt Nam,128.0,93%,90-94%,
iPhone 16 Pro,18000000.0,,Đã sử dụng (chưa sửa chữa),Đã sửa chữa,Trung Quốc,128.0,95%,95-96%,2 tháng
iPhone 16 Pro Max,18999999.0,Khóa mạng (Lock),Đã sử dụng (chưa sửa chữa),Đã sửa chữa,Đài Loan,256.0,85%,85-89%,1 tháng
iPhone 16 Pro Max,25499000.0,Quốc tế (Không khoá mạng),Đã sử dụng (chưa sửa chữa),Đã sửa chữa,Việt Nam,512.0,91%,90-94%,3 tháng
iPhone 16 Pro Max,19000000.0,Quốc tế (Không khoá mạng),Đã sửa chữa / thay linh kiện,Đã sửa chữa,Việt Nam,256.0,91%,90-94%,Hết bảo hành
iPhone 16 Pro Max,26500000.0,Quốc tế (Không khoá mạng),Đã sử dụng (chưa sửa chữa),Đã sửa chữa,Chính hãng VN (VNA),256.0,100%,100%,Còn bảo hành
iPhone 16 Pro Max,23500000.0,Quốc tế (Không khoá mạng),Đã sử dụng (chưa sửa chữa),Đã sửa chữa,Mỹ (LL/A),256.0,96%,95-96%,Hết bảo hành
iPhone 16 Pro Max,25790000.0,Quốc tế (Không khoá mạng),Đã sử dụng (chưa sửa chữa),Đã sửa chữa,Việt Nam,256.0,93%,90-94%,Hết bảo hành
iPhone 16 Pro Max,23600000.0,,Đã sử dụng (chưa sửa chữa),Đã sửa chữa,,256.0,96%,95-96%,Còn bảo hành
iPhone 16 Pro Max,20500000.0,Quốc tế (Không khoá mạng),Đã sử dụng (chưa sửa chữa),Đã sửa chữa,Chính hãng VN (VNA),256.0,96%,95-96%,7-12 tháng
iPhone 16 Pro Max,24000000.0,Quốc tế (Không khoá mạng),Đã sử dụng (chưa sửa chữa),Đã sửa chữa,Việt Nam,256.0,96%,95-96%,
iPhone 16 Pro Max,24800000.0,Quốc tế (Không khoá mạng),Đã sử dụng (chưa sửa chữa),Pin thay,Việt Nam,256.0,94%,90-94%,3 tháng
iPhone 16 Pro Max,21300000.0,,Đã sử dụng (chưa sửa chữa),Đã sửa chữa,,256.0,98%,97-99%,>12 tháng
iPhone 16 Pro Max,23200000.0,Quốc tế (Không khoá mạng),Đã sử dụng (chưa sửa chữa),Đã sửa chữa,,256.0,89%,85-89%,
iPhone 16 Pro Max,16000000.0,Quốc tế (Không khoá mạng),Đã sửa chữa / thay linh kiện,Màn thay,Việt Nam,256.0,100%,100%,7-12 tháng
iPhone 16 Pro Max,25850000.0,Quốc tế (Không khoá mạng),Đã sử dụng (chưa sửa chữa),Đã sửa chữa,Mỹ (LL/A),512.0,100%,100%,Còn bảo hành
iPhone 16 Pro Max,24300000.0,,Đã sử dụng (chưa sửa chữa),Đã sửa chữa,Việt Nam,256.0,94%,90-94%,Hết bảo hành
iPhone 16 Pro Max,27890000.0,Quốc tế (Không khoá mạng),Đã sử dụng (chưa sửa chữa),Pin thay,Trung Quốc,512.0,98%,97-99%,7-12 tháng
iPhone 16 Pro Max,24900000.0,,Đã sử dụng (chưa sửa chữa),Đã sửa chữa,Việt Nam,256.0,89%,85-89%,Còn bảo hành
iPhone 16 Pro Max,24000000.0,Quốc tế (Không khoá mạng),Đã sử dụng (chưa sửa chữa),Đã sửa chữa,Việt Nam,256.0,100%,100%,4-6 tháng
iPhone 16 Pro Max,24500000.0,Quốc tế (Không khoá mạng),Đã sử dụng (chưa sửa chữa),Đã sửa chữa,Việt Nam,256.0,93%,90-94%,Còn bảo hành
iPhone 16 Pro Max,22500000.0,Quốc tế (Không khoá mạng),Đã sử dụng (chưa sửa chữa),Đã sửa chữa,Mỹ (LL/A),256.0,96%,95-96%,
iPhone 16 Pro Max,23990000.0,Quốc tế (Không khoá mạng),Đã sử dụng (chưa sửa chữa),Đã sửa chữa,Việt Nam,256.0,96%,95-96%,Còn bảo hành
iPhone 16 Pro Max,22000000.0,Quốc tế (Không khoá mạng),Đã sử dụng (chưa sửa chữa),Đã sửa chữa,,256.0,95%,95-96%,
iPhone 16 Pro Max,18990000.0,Khóa mạng (Lock),Đã sử dụng (chưa sửa chữa),Đã sửa chữa,Mỹ (LL/A),256.0,91%,90-94%,7-12 tháng
iPhone 16 Pro Max,19690000.0,Quốc tế (Không khoá mạng),Đã sử dụng (chưa sửa chữa),Đã sửa chữa,Chính hãng VN (VNA),256.0,92%,90-94%,7-12 tháng
iPhone 16 Pro Max,19500000.0,Quốc tế (Không khoá mạng),Đã sử dụng (chưa sửa chữa),Đã sửa chữa,Chính hãng VN (VNA),256.0,100%,100%,1 tháng
iPhone 16 Pro Max,16500000.0,,Đã sửa chữa / thay linh kiện,Đã sửa chữa,,256.0,96%,95-96%,
iPhone 16 Pro Max,26800000.0,Quốc tế (Không khoá mạng),Đã sử dụng (chưa sửa chữa),Đã sửa chữa,Mỹ (LL/A),512.0,97%,97-99%,Hết bảo hành
iPhone 16 Pro Max,25500000.0,Quốc tế (Không khoá mạng),Đã sử dụng (chưa sửa chữa),Đã sửa chữa,,256.0,100%,100%,Còn bảo hành
iPhone 16 Pro Max,23990000.0,Quốc tế (Không khoá mạng),Đã sử dụng (chưa sửa chữa),Đã sửa chữa,Mỹ (LL/A),256.0,93%,90-94%,
iPhone 16 Pro Max,20790000.0,Quốc tế (Không khoá mạng),Đã sử dụng (chưa sửa chữa),Đã sửa chữa,,256.0,92%,90-94%,Hết bảo hành
iPhone 16 Pro Max,16500000.0,Quốc tế (Không khoá mạng),Đã sử dụng (chưa sửa chữa),Màn thay,,256.0,99%,97-99%,
iPhone 16 Pro Max,20500000.0,,Đã sử dụng (chưa sửa chữa),Đã sửa chữa,,256.0,96%,95-96%,4-6 tháng
iPhone 16 Pro Max,17500000.0,Quốc tế (Không khoá mạng),Đã sử dụng (chưa sửa chữa),Màn thay,Việt Nam,256.0,99%,97-99%,Hết bảo hành
iPhone 16 Pro Max,22500000.0,,Đã sử dụng (chưa sửa chữa),Đã sửa chữa,Mỹ (LL/A),512.0,89%,85-89%,4-6 tháng
iPhone 16 Pro Max,26200000.0,Quốc tế (Không khoá mạng),Đã sử dụng (chưa sửa chữa),Đã sửa chữa,Việt Nam,256.0,96%,95-96%,Còn bảo hành
iPhone 16 Pro Max,21000000.0,Quốc tế (Không khoá mạng),Đã sử dụng (chưa sửa chữa),Đã sửa chữa,Mỹ (LL/A),256.0,89%,85-89%,1 tháng
iPhone 16 Pro Max,22490000.0,Quốc tế (Không khoá mạng),Đã sửa chữa / thay linh kiện,Màn thay,Việt Nam,512.0,100%,100%,Còn bảo hành
iPhone 16 Pro Max,25990000.0,Quốc tế (Không khoá mạng),Đã sử dụng (chưa sửa chữa),Đã sửa chữa,Mỹ (LL/A),512.0,92%,90-94%,
iPhone 16 Pro Max,23999999.0,Quốc tế (Không khoá mạng),Đã sử dụng (chưa sửa chữa),Đã sửa chữa,Việt Nam,256.0,99%,97-99%,>12 tháng
iPhone 16 Pro Max,25500000.0,,Đã sử dụng (chưa sửa chữa),Đã sửa chữa,Mỹ (LL/A),512.0,92%,90-94%,>12 tháng
iPhone 16 Pro Max,23999999.0,Quốc tế (Không khoá mạng),Đã sử dụng (chưa sửa chữa),Đã sửa chữa,Việt Nam,256.0,99%,97-99%,4-6 tháng
iPhone 16 Pro Max,21800000.0,Quốc tế (Không khoá mạng),Đã sử dụng (chưa sửa chữa),Đã sửa chữa,Việt Nam,256.0,90%,90-94%,
iPhone 16 Pro Max,19500000.0,Khóa mạng (Lock),Đã sử dụng (chưa sửa chữa),Đã sửa chữa,,256.0,94%,90-94%,
iPhone 16 Pro Max,23500000.0,Quốc tế (Không khoá mạng),Đã sử dụng (chưa sửa chữa),Đã sửa chữa,Mỹ (LL/A),512.0,87%,85-89%,Hết bảo hành
iPhone 16 Pro Max,23800000.0,Quốc tế (Không khoá mạng),Đã sử dụng (chưa sửa chữa),Đã sửa chữa,Việt Nam,256.0,92%,90-94%,>12 tháng
iPhone 16 Pro Max,20200000.0,Khóa mạng (Lock),Đã sử dụng (chưa sửa chữa),Đã sửa chữa,Chính hãng VN (VNA),256.0,100%,100%,4-6 tháng
iPhone 16 Pro Max,16500000.0,Quốc tế (Không khoá mạng),Đã sử dụng (chưa sửa chữa),Đã sửa chữa,,256.0,93%,90-94%,
iPhone 16 Pro Max,23900000.0,Quốc tế (Không khoá mạng),Đã sử dụng (chưa sửa chữa),Đã sửa chữa,Mỹ (LL/A),256.0,99%,97-99%,4-6 tháng
iPhone 16 Pro Max,20500000.0,,Đã sử dụng (chưa sửa chữa),Đã sửa chữa,,256.0,96%,95-96%,3 tháng
iPhone 16 Pro Max,22000000.0,Quốc tế (Không khoá mạng),Đã sử dụng (chưa sửa chữa),Đã sửa chữa,Mỹ (LL/A),256.0,95%,95-96%,Hết bảo hành
iPhone 16 Pro Max,14350000.0,Quốc tế (Không khoá mạng),Đã sử dụng (chưa sửa chữa),Màn thay,Việt Nam,256.0,98%,97-99%,
iPhone 16 Pro Max,28800000.0,Quốc tế (Không khoá mạng),Mới,Zin không trầy xước,Việt Nam,256.0,99%,97-99%,7-12 tháng
iPhone 16 Pro Max,26599000.0,,Đã sử dụng (chưa sửa chữa),Đã sửa chữa,Việt Nam,256.0,96%,95-96%,Còn bảo hành
iPhone 16 Pro Max,14500000.0,Quốc tế (Không khoá mạng),Đã sử dụng (chưa sửa chữa),Màn thay,Mỹ (LL/A),256.0,96%,95-96%,3 tháng
iPhone 16 Pro Max,17500000.0,Khóa mạng (Lock),Đã sử dụng (chưa sửa chữa),Đã sửa chữa,Mỹ (LL/A),256.0,96%,95-96%,3 tháng
iPhone 16 Pro Max,18490000.0,Khóa mạng (Lock),Đã sử dụng (chưa sửa chữa),"Màn thay, Pin thay",Nhật Bản,256.0,96%,95-96%,7-12 tháng
iPhone 16 Pro Max,24700000.0,Quốc tế (Không khoá mạng),Đã sử dụng (chưa sửa chữa),Đã sửa chữa,Mỹ (LL/A),128.0,95%,90-94%,4-6 tháng
iPhone 16 Pro Max,22890000.0,Quốc tế (Không khoá mạng),Đã sử dụng (chưa sửa chữa),Đã sửa chữa,Mỹ (LL/A),256.0,100%,100%,3 tháng
iPhone 16 Pro Max,23990000.0,Quốc tế (Không khoá mạng),Đã sử dụng (chưa sửa chữa),Đã sửa chữa,Việt Nam,256.0,90%,90-94%,Còn bảo hành
iPhone 16 Pro Max,18900000.0,,Mới,Zin không trầy xước,Mỹ (LL/A),256.0,93%,90-94%,7-12 tháng
iPhone 16 Pro Max,19000000.0,Quốc tế (Không khoá mạng),Đã sử dụng (chưa sửa chữa),Màn thay,Việt Nam,256.0,94%,90-94%,
iPhone 16 Pro Max,22900000.0,Quốc tế (Không khoá mạng),Đã sử dụng (chưa sửa chữa),Đã sửa chữa,Việt Nam,256.0,89%,85-89%,7-12 tháng
iPhone 16 Pro Max,19700000.0,Quốc tế (Không khoá mạng),Đã sử dụng (chưa sửa chữa),Đã sửa chữa,Việt Nam,256.0,89%,85-89%,
iPhone 16 Pro Max,18900000.0,Khóa mạng (Lock),Đã sử dụng (chưa sửa chữa),Đã sửa chữa,Mỹ (LL/A),256.0,89%,85-89%,3 tháng
iPhone 16 Pro Max,24900000.0,,Đã sử dụng (chưa sửa chữa),Đã sửa chữa,,256.0,97%,97-99%,4-6 tháng
iPhone 16 Pro Max,25500000.0,Quốc tế (Không khoá mạng),Đã sử dụng (chưa sửa chữa),Đã sửa chữa,Mỹ (LL/A),512.0,91%,90-94%,
iPhone 16 Pro Max,20500000.0,,Đã sử dụng (chưa sửa chữa),Đã sửa chữa,,256.0,96%,95-96%,3 tháng
iPhone 16 Pro Max,20500000.0,,Đã sử dụng (chưa sửa chữa),Đã sửa chữa,,256.0,96%,95-96%,4-6 tháng
iPhone 16 Pro Max,20500000.0,Quốc tế (Không khoá mạng),Đã sử dụng (chưa sửa chữa),Đã sửa chữa,Việt Nam,256.0,93%,90-94%,
iPhone 16 Pro Max,20500000.0,,Đã sử dụng (chưa sửa chữa),Đã sửa chữa,,256.0,96%,95-96%,3 tháng
iPhone 16 Pro Max,27890000.0,Quốc tế (Không khoá mạng),Đã sử dụng (chưa sửa chữa),Pin thay,Trung Quốc,512.0,98%,97-99%,7-12 tháng
iPhone 16 Pro Max,24400000.0,Quốc tế (Không khoá mạng),Đã sử dụng (chưa sửa chữa),Đã sửa chữa,Việt Nam,256.0,91%,90-94%,Hết bảo hành
iPhone 16 Pro Max,23500000.0,,Đã sử dụng (chưa sửa chữa),Đã sửa chữa,Việt Nam,256.0,100%,100%,4-6 tháng
iPhone 16 Pro Max,21990000.0,Quốc tế (Không khoá mạng),Mới,Zin không trầy xước,Việt Nam,256.0,92%,90-94%,7-12 tháng
iPhone 16 Pro Max,19200000.0,Khóa mạng (Lock),Đã sử dụng (chưa sửa chữa),Đã sửa chữa,,256.0,92%,90-94%,
iPhone 16 Pro Max,26800000.0,Quốc tế (Không khoá mạng),Đã sử dụng (chưa sửa chữa),Đã sửa chữa,Việt Nam,256.0,100%,100%,4-6 tháng
iPhone 16 Pro Max,21200000.0,Quốc tế (Không khoá mạng),Đã sử dụng (chưa sửa chữa),Đã sửa chữa,,256.0,96%,95-96%,
iPhone 16 Pro Max,21000000.0,Quốc tế (Không khoá mạng),Đã sử dụng (chưa sửa chữa),Đã sửa chữa,,256.0,96%,95-96%,
iPhone 16 Pro Max,22400000.0,Quốc tế (Không khoá mạng),Đã sử dụng (chưa sửa chữa),Đã sửa chữa,,256.0,100%,100%,
iPhone 16 Pro Max,16000000.0,Quốc tế (Không khoá mạng),Đã sửa chữa / thay linh kiện,Màn thay,,256.0,97%,97-99%,
iPhone 16 Pro Max,23300000.0,Quốc tế (Không khoá mạng),Đã sử dụng (chưa sửa chữa),Đã sửa chữa,Việt Nam,256.0,98%,97-99%,
iPhone 16 Pro Max,23300000.0,Quốc tế (Không khoá mạng),Đã sử dụng (chưa sửa chữa),Đã sửa chữa,Việt Nam,256.0,96%,95-96%,
iPhone 16 Pro Max,25500000.0,Quốc tế (Không khoá mạng),Đã sử dụng (chưa sửa chữa),Đã sửa chữa,Việt Nam,256.0,89%,85-89%,
iPhone 16 Pro Max,24200000.0,Quốc tế (Không khoá mạng),Đã sử dụng (chưa sửa chữa),Đã sửa chữa,Việt Nam,256.0,96%,95-96%,Hết bảo hành
iPhone 16 Pro Max,19500000.0,Khóa mạng (Lock),Đã sử dụng (chưa sửa chữa),Đã sửa chữa,,256.0,99%,97-99%,
iPhone 16 Pro Max,24700000.0,Quốc tế (Không khoá mạng),Mới,Zin không trầy xước,Mỹ (LL/A),256.0,92%,90-94%,Hết bảo hành
iPhone 16 Pro Max,25000000.0,Quốc tế (Không khoá mạng),Đã sử dụng (chưa sửa chữa),Đã sửa chữa,Việt Nam,256.0,100%,100%,Còn bảo hành
iPhone 16 Pro Max,22300000.0,Quốc tế (Không khoá mạng),Đã sử dụng (chưa sửa chữa),Đã sửa chữa,,256.0,95%,95-96%,7-12 tháng
iPhone 16 Pro Max,23000000.0,,Đã sử dụng (chưa sửa chữa),Đã sửa chữa,Việt Nam,256.0,95%,95-96%,Hết bảo hành
iPhone 16 Pro Max,24000000.0,Quốc tế (Không khoá mạng),Đã sử dụng (chưa sửa chữa),Đã sửa chữa,Trung Quốc,256.0,96%,95-96%,Hết bảo hành
iPhone 16 Pro Max,18200001.0,Quốc tế (Không khoá mạng),Đã sử dụng (chưa sửa chữa),Đã sửa chữa,Mỹ (LL/A),256.0,96%,95-96%,Hết bảo hành
iPhone 16e,10750000.0,Quốc tế (Không khoá mạng),Đã sử dụng (chưa sửa chữa),Đã sửa chữa,Việt Nam,128.0,100%,100%,
iPhone 16e,9000000.0,Khóa mạng (Lock),Mới,Zin không trầy xước,Mỹ (LL/A),128.0,100%,97-99%,
iPhone 16e,8300000.0,Khóa mạng (Lock),Đã sử dụng (chưa sửa chữa),Đã sửa chữa,,128.0,100%,100%,>12 tháng
iPhone 16e,9350000.0,Quốc tế (Không khoá mạng),Đã sử dụng (chưa sửa chữa),Đã sửa chữa,Việt Nam,128.0,100%,97-99%,1 tháng
iPhone 16e,11500000.0,Quốc tế (Không khoá mạng),Đã sử dụng (chưa sửa chữa),Đã sửa chữa,Trung Quốc,128.0,94%,90-94%,3 tháng
iPhone 16e,11700000.0,,Đã sử dụng (chưa sửa chữa),Đã sửa chữa,,128.0,100%,100%,3 tháng
iPhone 16e,11500000.0,Quốc tế (Không khoá mạng),Đã sử dụng (chưa sửa chữa),Đã sửa chữa,Trung Quốc,256.0,100%,100%,2 tháng
iPhone 16e,11700000.0,,Đã sử dụng (chưa sửa chữa),Đã sửa chữa,Việt Nam,128.0,100%,97-99%,
iPhone 16e,10950000.0,Quốc tế (Không khoá mạng),Đã sử dụng (chưa sửa chữa),Đã sửa chữa,Mỹ (LL/A),128.0,100%,100%,7-12 tháng
iPhone 16e,9999999.0,,Đã sử dụng (chưa sửa chữa),Đã sửa chữa,,128.0,100%,100%,
iPhone 16e,13900000.0,Quốc tế (Không khoá mạng),Đã sử dụng (chưa sửa chữa),Đã sửa chữa,Chính hãng VN (VNA),256.0,100%,97-99%,>12 tháng
iPhone 17,21000000.0,,Đã sử dụng (chưa sửa chữa),Đã sửa chữa,Chính hãng VN (VNA),256.0,100%,100%,4-6 tháng
iPhone 17,18500000.0,Quốc tế (Không khoá mạng),Mới,Zin không trầy xước,Mỹ (LL/A),256.0,100%,97-99%,Còn bảo hành
iPhone 17,20890000.0,Quốc tế (Không khoá mạng),Đã sử dụng (chưa sửa chữa),Pin thay,Trung Quốc,256.0,100%,100%,Còn bảo hành
iPhone 17,23000000.0,Quốc tế (Không khoá mạng),Mới,Zin không trầy xước,Việt Nam,256.0,100%,97-99%,>12 tháng
iPhone 17,20999000.0,Quốc tế (Không khoá mạng),Đã sử dụng (chưa sửa chữa),Đã sửa chữa,Trung Quốc,256.0,100%,100%,7-12 tháng
iPhone 17,20000000.0,Quốc tế (Không khoá mạng),Đã sử dụng (chưa sửa chữa),Đã sửa chữa,Việt Nam,256.0,100%,100%,4-6 tháng
iPhone 17,20500000.0,Quốc tế (Không khoá mạng),Mới,Zin không trầy xước,Mỹ (LL/A),256.0,100%,100%,>12 tháng
iPhone 17,19990000.0,Quốc tế (Không khoá mạng),Đã sử dụng (chưa sửa chữa),Đã sửa chữa,Mỹ (LL/A),256.0,100%,100%,7-12 tháng
iPhone 17,22300000.0,Quốc tế (Không khoá mạng),Mới,Zin không trầy xước,Việt Nam,256.0,100%,100%,>12 tháng
iPhone 17,21500000.0,Quốc tế (Không khoá mạng),Mới,Zin không trầy xước,Mỹ (LL/A),256.0,100%,97-99%,Còn bảo hành
iPhone 17,22700000.0,Quốc tế (Không khoá mạng),Mới,Zin không trầy xước,Việt Nam,256.0,100%,100%,>12 tháng
iPhone 17,21990000.0,Quốc tế (Không khoá mạng),Mới,Zin không trầy xước,Việt Nam,256.0,100%,97-99%,>12 tháng
iPhone 17,18900000.0,,Đã sử dụng (chưa sửa chữa),Đã sửa chữa,Việt Nam,256.0,100%,100%,Còn bảo hành
iPhone 17,21990000.0,Quốc tế (Không khoá mạng),Đã sử dụng (chưa sửa chữa),Đã sửa chữa,Việt Nam,256.0,100%,100%,Còn bảo hành
iPhone 17,21700000.0,Quốc tế (Không khoá mạng),Mới,Zin không trầy xước,Việt Nam,256.0,100%,100%,Còn bảo hành
iPhone 17,20800000.0,Quốc tế (Không khoá mạng),Đã sử dụng (chưa sửa chữa),Đã sửa chữa,,256.0,100%,100%,Còn bảo hành
iPhone 17,19900000.0,Quốc tế (Không khoá mạng),Đã sử dụng (chưa sửa chữa),Đã sửa chữa,Việt Nam,256.0,99%,97-99%,Còn bảo hành
iPhone 17 Pro,26990000.0,Khóa mạng (Lock),Mới,Zin không trầy xước,Mỹ (LL/A),512.0,100%,97-99%,4-6 tháng
iPhone 17 Pro,31500000.0,,Đã sử dụng (chưa sửa chữa),Đã sửa chữa,Việt Nam,256.0,100%,100%,7-12 tháng
iPhone 17 Pro,30200000.0,Quốc tế (Không khoá mạng),Đã sử dụng (chưa sửa chữa),Đã sửa chữa,Mỹ (LL/A),256.0,98%,97-99%,4-6 tháng
iPhone 17 Pro,38888000.0,,Đã sử dụng (chưa sửa chữa),Đã sửa chữa,Trung Quốc,1024.0,99%,97-99%,
iPhone 17 Pro,28500000.0,,Đã sử dụng (chưa sửa chữa),Đã sửa chữa,Mỹ (LL/A),256.0,100%,97-99%,4-6 tháng
iPhone 17 Pro,28800000.0,Quốc tế (Không khoá mạng),Đã sử dụng (chưa sửa chữa),Pin thay,Việt Nam,256.0,100%,97-99%,7-12 tháng
iPhone 17 Pro,31900000.0,Quốc tế (Không khoá mạng),Mới,Zin không trầy xước,Mỹ (LL/A),256.0,99%,97-99%,7-12 tháng
iPhone 17 Pro,26000000.0,Quốc tế (Không khoá mạng),Mới,Zin không trầy xước,Chính hãng VN (VNA),256.0,100%,97-99%,Còn bảo hành
iPhone 17 Pro,39999999.0,Quốc tế (Không khoá mạng),Mới,Zin không trầy xước,Trung Quốc,1024.0,99%,97-99%,>12 tháng
iPhone 17 Pro,29800000.0,,Đã sử dụng (chưa sửa chữa),Đã sửa chữa,Việt Nam,256.0,97%,97-99%,7-12 tháng
iPhone 17 Pro,24990000.0,Khóa mạng (Lock),Mới,Zin không trầy xước,Mỹ (LL/A),256.0,100%,97-99%,>12 tháng
iPhone 17 Pro,29500000.0,Quốc tế (Không khoá mạng),Đã sử dụng (chưa sửa chữa),Đã sửa chữa,Mỹ (LL/A),256.0,100%,100%,Còn bảo hành
iPhone 17 Pro,23790000.0,Khóa mạng (Lock),Đã sử dụng (chưa sửa chữa),Đã sửa chữa,Mỹ (LL/A),256.0,100%,100%,>12 tháng
iPhone 17 Pro,29800000.0,Quốc tế (Không khoá mạng),Đã sử dụng (chưa sửa chữa),Đã sửa chữa,Việt Nam,256.0,98%,97-99%,7-12 tháng
iPhone 17 Pro,28500000.0,Quốc tế (Không khoá mạng),Đã sử dụng (chưa sửa chữa),Đã sửa chữa,,256.0,100%,97-99%,3 tháng
iPhone 17 Pro,26990000.0,Quốc tế (Không khoá mạng),Đã sử dụng (chưa sửa chữa),Đã sửa chữa,Việt Nam,256.0,100%,97-99%,7-12 tháng
iPhone 17 Pro,29700000.0,Quốc tế (Không khoá mạng),Đã sử dụng (chưa sửa chữa),Đã sửa chữa,Mỹ (LL/A),256.0,100%,100%,Còn bảo hành
iPhone 17 Pro,22490000.0,Khóa mạng (Lock),Mới,Zin không trầy xước,Mỹ (LL/A),256.0,100%,100%,7-12 tháng
iPhone 17 Pro Max,27390000.0,Khóa mạng (Lock),Mới,Zin không trầy xước,Mỹ (LL/A),256.0,100%,100%,4-6 tháng
iPhone 17 Pro Max,31990000.0,,Đã sử dụng (chưa sửa chữa),Đã sửa chữa,,256.0,100%,100%,Còn bảo hành
iPhone 17 Pro Max,34200000.0,,Đã sử dụng (chưa sửa chữa),Đã sửa chữa,,256.0,100%,100%,7-12 tháng
iPhone 17 Pro Max,30000000.0,Quốc tế (Không khoá mạng),Đã sử dụng (chưa sửa chữa),Đã sửa chữa,Việt Nam,256.0,99%,97-99%,7-12 tháng
iPhone 17 Pro Max,31190000.0,Quốc tế (Không khoá mạng),Đã sử dụng (chưa sửa chữa),Pin thay,Trung Quốc,256.0,96%,95-96%,3 tháng
iPhone 17 Pro Max,37790000.0,Quốc tế (Không khoá mạng),Đã sử dụng (chưa sửa chữa),Pin thay,Trung Quốc,512.0,100%,97-99%,Còn bảo hành
iPhone 17 Pro Max,31490000.0,Quốc tế (Không khoá mạng),Mới,Zin không trầy xước,Việt Nam,256.0,96%,95-96%,>12 tháng
iPhone 17 Pro Max,33300000.0,Quốc tế (Không khoá mạng),Đã sử dụng (chưa sửa chữa),Đã sửa chữa,Việt Nam,256.0,100%,100%,>12 tháng
iPhone 17 Pro Max,32500000.0,,Đã sử dụng (chưa sửa chữa),Đã sửa chữa,,256.0,100%,100%,Hết bảo hành
iPhone 17 Pro Max,35000000.0,Quốc tế (Không khoá mạng),Mới,Zin không trầy xước,Việt Nam,256.0,100%,100%,>12 tháng
iPhone 17 Pro Max,31490000.0,,Đã sử dụng (chưa sửa chữa),Đã sửa chữa,Việt Nam,256.0,93%,90-94%,Còn bảo hành
iPhone 17 Pro Max,33990000.0,Quốc tế (Không khoá mạng),Mới,Zin không trầy xước,Việt Nam,256.0,100%,100%,7-12 tháng
iPhone 17 Pro Max,38999000.0,Quốc tế (Không khoá mạng),Đã sử dụng (chưa sửa chữa),Đã sửa chữa,Việt Nam,512.0,100%,100%,Còn bảo hành
iPhone 17 Pro Max,29490000.0,Quốc tế (Không khoá mạng),Đã sử dụng (chưa sửa chữa),Đã sửa chữa,Chính hãng VN (VNA),256.0,100%,97-99%,Còn bảo hành
iPhone 17 Pro Max,26000000.0,Khóa mạng (Lock),Đã sử dụng (chưa sửa chữa),Đã sửa chữa,,256.0,100%,97-99%,Còn bảo hành
iPhone 17 Pro Max,38499000.0,,Mới,Zin không trầy xước,Việt Nam,256.0,100%,97-99%,
iPhone 17 Pro Max,41600000.0,Quốc tế (Không khoá mạng),Mới,Zin không trầy xước,Việt Nam,512.0,100%,97-99%,
iPhone 17 Pro Max,27500000.0,Khóa mạng (Lock),Đã sử dụng (chưa sửa chữa),Đã sửa chữa,,256.0,100%,100%,
iPhone 17 Pro Max,33333333.0,Quốc tế (Không khoá mạng),Đã sử dụng (chưa sửa chữa),Đã sửa chữa,Việt Nam,256.0,100%,100%,>12 tháng
iPhone 17 Pro Max,32499000.0,Quốc tế (Không khoá mạng),Đã sử dụng (chưa sửa chữa),Đã sửa chữa,Trung Quốc,256.0,100%,100%,
iPhone 17 Pro Max,28500000.0,,Đã sử dụng (chưa sửa chữa),Đã sửa chữa,Việt Nam,256.0,100%,100%,Còn bảo hành
iPhone 17 Pro Max,31990000.0,Quốc tế (Không khoá mạng),Đã sử dụng (chưa sửa chữa),Đã sửa chữa,Mỹ (LL/A),256.0,100%,97-99%,Còn bảo hành
iPhone 17 Pro Max,28500000.0,Quốc tế (Không khoá mạng),Đã sử dụng (chưa sửa chữa),Đã sửa chữa,Việt Nam,256.0,100%,100%,>12 tháng
iPhone 17 Pro Max,29300000.0,,Đã sử dụng (chưa sửa chữa),Đã sửa chữa,Việt Nam,256.0,100%,100%,
iPhone 17 Pro Max,41500000.0,Quốc tế (Không khoá mạng),Mới,Zin không trầy xước,Mỹ (LL/A),512.0,100%,97-99%,
iPhone 17 Pro Max,41900000.0,Quốc tế (Không khoá mạng),Mới,Zin không trầy xước,Mỹ (LL/A),512.0,100%,97-99%,>12 tháng
iPhone 17 Pro Max,34900000.0,Quốc tế (Không khoá mạng),Mới,Zin không trầy xước,Mỹ (LL/A),256.0,100%,97-99%,Còn bảo hành
iPhone 17 Pro Max,35600000.0,Quốc tế (Không khoá mạng),Mới,Zin không trầy xước,Việt Nam,256.0,100%,100%,>12 tháng
iPhone 17 Pro Max,34300000.0,Quốc tế (Không khoá mạng),Mới,Zin không trầy xước,Mỹ (LL/A),256.0,100%,97-99%,Còn bảo hành
iPhone 17 Pro Max,34800000.0,Quốc tế (Không khoá mạng),Đã sử dụng (chưa sửa chữa),Đã sửa chữa,Việt Nam,256.0,100%,100%,>12 tháng
iPhone 17 Pro Max,29200000.0,Quốc tế (Không khoá mạng),Đã sử dụng (chưa sửa chữa),Đã sửa chữa,Việt Nam,256.0,100%,100%,7-12 tháng
iPhone 17 Pro Max,34600000.0,Quốc tế (Không khoá mạng),Đã sử dụng (chưa sửa chữa),Đã sửa chữa,Việt Nam,256.0,100%,100%,Còn bảo hành
iPhone 17 Pro Max,36500000.0,Quốc tế (Không khoá mạng),Mới,Zin không trầy xước,Mỹ (LL/A),256.0,100%,97-99%,>12 tháng
iPhone 17 Pro Max,36500000.0,Quốc tế (Không khoá mạng),Mới,Zin không trầy xước,Việt Nam,256.0,100%,97-99%,>12 tháng
iPhone 17 Pro Max,29250000.0,Quốc tế (Không khoá mạng),Đã sử dụng (chưa sửa chữa),Đã sửa chữa,Mỹ (LL/A),256.0,100%,100%,Còn bảo hành
iPhone 17 Pro Max,29500000.0,,Đã sử dụng (chưa sửa chữa),Đã sửa chữa,Việt Nam,256.0,100%,100%,Còn bảo hành
iPhone 17 Pro Max,34800000.0,Quốc tế (Không khoá mạng),Đã sử dụng (chưa sửa chữa),Đã sửa chữa,Việt Nam,256.0,100%,100%,Còn bảo hành
iPhone 17 Pro Max,28990000.0,Quốc tế (Không khoá mạng),Mới,Zin không trầy xước,Mỹ (LL/A),256.0,100%,100%,>12 tháng
iPhone 17 Pro Max,42500000.0,Quốc tế (Không khoá mạng),Mới,Zin không trầy xước,Mỹ (LL/A),1024.0,100%,97-99%,>12 tháng
iPhone 17 Pro Max,33900000.0,,Đã sử dụng (chưa sửa chữa),Đã sửa chữa,Việt Nam,256.0,100%,100%,7-12 tháng
iPhone 17 Pro Max,35600000.0,Quốc tế (Không khoá mạng),Mới,Zin không trầy xước,Việt Nam,256.0,100%,97-99%,>12 tháng
iPhone 17 Pro Max,32200000.0,Quốc tế (Không khoá mạng),Đã sử dụng (chưa sửa chữa),Đã sửa chữa,Việt Nam,256.0,100%,97-99%,>12 tháng
iPhone 17 Pro Max,31000000.0,,Đã sử dụng (chưa sửa chữa),Đã sửa chữa,Mỹ (LL/A),256.0,96%,95-96%,7-12 tháng
iPhone 17 Pro Max,33790000.0,Quốc tế (Không khoá mạng),Đã sử dụng (chưa sửa chữa),Đã sửa chữa,,256.0,100%,100%,Hết bảo hành
iPhone 17 Pro Max,41900000.0,Quốc tế (Không khoá mạng),Mới,Zin không trầy xước,Việt Nam,512.0,100%,97-99%,>12 tháng
iPhone 17 Pro Max,30500000.0,Quốc tế (Không khoá mạng),Đã sử dụng (chưa sửa chữa),Đã sửa chữa,Việt Nam,256.0,99%,97-99%,7-12 tháng
iPhone 17 Pro Max,30500000.0,Quốc tế (Không khoá mạng),Đã sử dụng (chưa sửa chữa),Đã sửa chữa,Việt Nam,256.0,100%,100%,
iPhone 17 Pro Max,28999999.0,Quốc tế (Không khoá mạng),Đã sử dụng (chưa sửa chữa),Đã sửa chữa,,256.0,100%,100%,
iPhone 17 Pro Max,33999000.0,Quốc tế (Không khoá mạng),Mới,Zin không trầy xước,Mỹ (LL/A),256.0,100%,100%,Còn bảo hành
iPhone 17 Pro Max,27650000.0,Khóa mạng (Lock),Đã sử dụng (chưa sửa chữa),Đã sửa chữa,Mỹ (LL/A),256.0,100%,100%,1 tháng
iPhone 17 Pro Max,30500000.0,Quốc tế (Không khoá mạng),Đã sử dụng (chưa sửa chữa),Đã sửa chữa,Mỹ (LL/A),256.0,99%,97-99%,7-12 tháng
iPhone 17 Pro Max,32399000.0,Quốc tế (Không khoá mạng),Đã sử dụng (chưa sửa chữa),Đã sửa chữa,Việt Nam,256.0,100%,100%,Còn bảo hành
iPhone 17 Pro Max,32500000.0,Quốc tế (Không khoá mạng),Đã sử dụng (chưa sửa chữa),Đã sửa chữa,,256.0,100%,100%,
iPhone 17 Pro Max,23200000.0,Quốc tế (Không khoá mạng),Đã sử dụng (chưa sửa chữa),Màn thay,,256.0,100%,97-99%,
iPhone 17 Pro Max,36666000.0,,Đã sử dụng (chưa sửa chữa),Đã sửa chữa,Việt Nam,512.0,99%,97-99%,7-12 tháng
iPhone 17 Pro Max,25200000.0,Khóa mạng (Lock),Đã sử dụng (chưa sửa chữa),Đã sửa chữa,,256.0,100%,97-99%,
iPhone 17 Pro Max,33900000.0,Quốc tế (Không khoá mạng),Đã sử dụng (chưa sửa chữa),Đã sửa chữa,Việt Nam,256.0,100%,100%,7-12 tháng
iPhone 17 Pro Max,38700000.0,Quốc tế (Không khoá mạng),Mới,Zin không trầy xước,Việt Nam,512.0,100%,97-99%,
iPhone 17 Pro Max,32990000.0,Quốc tế (Không khoá mạng),Đã sử dụng (chưa sửa chữa),Đã sửa chữa,Việt Nam,256.0,100%,100%,Còn bảo hành
iPhone 17 Pro Max,38990000.0,Quốc tế (Không khoá mạng),Mới,Zin không trầy xước,Mỹ (LL/A),512.0,100%,97-99%,Còn bảo hành
iPhone 17 Pro Max,32999000.0,Quốc tế (Không khoá mạng),Đã sử dụng (chưa sửa chữa),Đã sửa chữa,Mỹ (LL/A),256.0,100%,100%,Còn bảo hành
iPhone 17 Pro Max,37700000.0,Quốc tế (Không khoá mạng),Đã sử dụng (chưa sửa chữa),Đã sửa chữa,Mỹ (LL/A),512.0,100%,100%,Còn bảo hành
iPhone 17 Pro Max,32490000.0,Quốc tế (Không khoá mạng),Đã sử dụng (chưa sửa chữa),Đã sửa chữa,Việt Nam,256.0,100%,100%,4-6 tháng
iPhone 17 Pro Max,31500000.0,Quốc tế (Không khoá mạng),Đã sử dụng (chưa sửa chữa),Đã sửa chữa,Việt Nam,256.0,100%,100%,7-12 tháng
iPhone 17 Pro Max,32600000.0,Quốc tế (Không khoá mạng),Đã sử dụng (chưa sửa chữa),Đã sửa chữa,Việt Nam,256.0,100%,100%,7-12 tháng
iPhone 17 Pro Max,28900000.0,,Đã sử dụng (chưa sửa chữa),Đã sửa chữa,Việt Nam,256.0,100%,100%,Còn bảo hành
iPhone 17 Pro Max,29500000.0,,Đã sử dụng (chưa sửa chữa),Đã sửa chữa,Việt Nam,256.0,100%,100%,Còn bảo hành
iPhone 17 Pro Max,28500000.0,,Đã sử dụng (chưa sửa chữa),Đã sửa chữa,Việt Nam,256.0,100%,100%,Còn bảo hành
iPhone 17e,15999000.0,,Đã sử dụng (chưa sửa chữa),Đã sửa chữa,,256.0,100%,100%,>12 tháng
iPhone 17e,12000000.0,Khóa mạng (Lock),Mới,Zin không trầy xước,Mỹ (LL/A),256.0,100%,97-99%,>12 tháng
iPhone 7 plus,800000.0,Quốc tế (Không khoá mạng),Đã sử dụng (chưa sửa chữa),Đã sửa chữa,Không rõ,1024.0,99%,97-99%,Hết bảo hành
iPhone 7 plus,1500000.0,,Đã sử dụng (chưa sửa chữa),Đã sửa chữa,,128.0,99%,97-99%,
iPhone 8,1150000.0,Quốc tế (Không khoá mạng),Đã sử dụng (chưa sửa chữa),Đã sửa chữa,,64.0,83%,80-84%,
iPhone 8,1050000.0,,Đã sử dụng (chưa sửa chữa),Đã sửa chữa,,64.0,98%,97-99%,
iPhone 8,1350000.0,Quốc tế (Không khoá mạng),Đã sử dụng (chưa sửa chữa),Đã sửa chữa,,64.0,84%,80-84%,
iPhone 8,1900000.0,Quốc tế (Không khoá mạng),Đã sử dụng (chưa sửa chữa),Đã sửa chữa,,64.0,90%,85-89%,
iPhone 8,1400000.0,Quốc tế (Không khoá mạng),Đã sử dụng (chưa sửa chữa),Pin thay,Chính hãng VN (VNA),256.0,90%,85-89%,
iPhone 8,1450000.0,Quốc tế (Không khoá mạng),Đã sử dụng (chưa sửa chữa),Đã sửa chữa,,64.0,96%,95-96%,
iPhone 8,1250000.0,Quốc tế (Không khoá mạng),Đã sử dụng (chưa sửa chữa),Pin thay,Mỹ (LL/A),64.0,98%,97-99%,4-6 tháng
iPhone 8,1450000.0,Quốc tế (Không khoá mạng),Đã sử dụng (chưa sửa chữa),Đã sửa chữa,,64.0,100%,100%,
iPhone 8,1700000.0,,Đã sử dụng (chưa sửa chữa),Đã sửa chữa,,64.0,98%,97-99%,
iPhone 8,1900000.0,Quốc tế (Không khoá mạng),Đã sử dụng (chưa sửa chữa),Đã sửa chữa,,64.0,90%,85-89%,
iPhone 8,1350000.0,,Đã sử dụng (chưa sửa chữa),Đã sửa chữa,,64.0,74%,Dưới 80%,Hết bảo hành
iPhone 8,1900000.0,Quốc tế (Không khoá mạng),Đã sử dụng (chưa sửa chữa),Đã sửa chữa,Mỹ (LL/A),64.0,82%,80-84%,Hết bảo hành
iPhone 8,1599979.0,Quốc tế (Không khoá mạng),Đã sử dụng (chưa sửa chữa),Đã sửa chữa,,64.0,100%,100%,1 tháng
iPhone 8,1500000.0,Quốc tế (Không khoá mạng),Đã sử dụng (chưa sửa chữa),Đã sửa chữa,,64.0,100%,100%,
iPhone 8,1250000.0,Quốc tế (Không khoá mạng),Đã sử dụng (chưa sửa chữa),Màn thay,,64.0,100%,100%,
iPhone 8,1100000.0,,Đã sử dụng (chưa sửa chữa),Đã sửa chữa,,64.0,100%,100%,
iPhone 8,1500000.0,Quốc tế (Không khoá mạng),Đã sử dụng (chưa sửa chữa),Đã sửa chữa,,64.0,97%,97-99%,
iPhone 8,1400000.0,Quốc tế (Không khoá mạng),Đã sử dụng (chưa sửa chữa),Đã sửa chữa,,64.0,84%,80-84%,
iPhone 8,1590000.0,Quốc tế (Không khoá mạng),Mới,Zin không trầy xước,Việt Nam,64.0,97%,97-99%,Hết bảo hành
iPhone 8,1150000.0,Quốc tế (Không khoá mạng),Đã sử dụng (chưa sửa chữa),Đã sửa chữa,Mỹ (LL/A),64.0,100%,100%,Hết bảo hành
iPhone 8,1689999.0,,Đã sử dụng (chưa sửa chữa),Đã sửa chữa,,64.0,98%,97-99%,
iPhone 8 plus,2200000.0,,Đã sử dụng (chưa sửa chữa),Đã sửa chữa,,64.0,98%,97-99%,
iPhone 8 plus,1800000.0,Quốc tế (Không khoá mạng),Đã sử dụng (chưa sửa chữa),Đã sửa chữa,Mỹ (LL/A),64.0,100%,100%,
iPhone 8 plus,3200000.0,Quốc tế (Không khoá mạng),Đã sử dụng (chưa sửa chữa),Đã sửa chữa,Mỹ (LL/A),256.0,100%,100%,
iPhone 8 plus,1490000.0,Quốc tế (Không khoá mạng),Đã sử dụng (chưa sửa chữa),Đã sửa chữa,Mỹ (LL/A),64.0,86%,85-89%,
iPhone 8 plus,2500000.0,Quốc tế (Không khoá mạng),Đã sử dụng (chưa sửa chữa),Đã sửa chữa,Mỹ (LL/A),256.0,100%,100%,
iPhone 8 plus,1550000.0,Quốc tế (Không khoá mạng),Đã sử dụng (chưa sửa chữa),Đã sửa chữa,,64.0,98%,97-99%,
iPhone 8 plus,1200000.0,Quốc tế (Không khoá mạng),Đã sử dụng (chưa sửa chữa),Đã sửa chữa,Mỹ (LL/A),64.0,97%,95-96%,Hết bảo hành
iPhone 8 plus,2200000.0,Quốc tế (Không khoá mạng),Đã sử dụng (chưa sửa chữa),Đã sửa chữa,,64.0,98%,97-99%,
iPhone 8 plus,3250000.0,Quốc tế (Không khoá mạng),Đã sử dụng (chưa sửa chữa),"Màn thay, Pin thay",,64.0,100%,100%,1 tháng
iPhone 8 plus,1700000.0,Quốc tế (Không khoá mạng),Đã sử dụng (chưa sửa chữa),Đã sửa chữa,,64.0,98%,97-99%,
iPhone 8 plus,1300000.0,,Đã sử dụng (chưa sửa chữa),Đã sửa chữa,,64.0,99%,97-99%,Hết bảo hành
iPhone 8 plus,1800000.0,Quốc tế (Không khoá mạng),Đã sửa chữa / thay linh kiện,Đã sửa chữa,Mỹ (LL/A),64.0,100%,100%,4-6 tháng
iPhone 8 plus,2600000.0,Quốc tế (Không khoá mạng),Đã sử dụng (chưa sửa chữa),Đã sửa chữa,Mỹ (LL/A),64.0,88%,85-89%,3 tháng
iPhone 8 plus,2200000.0,,Đã sử dụng (chưa sửa chữa),Đã sửa chữa,,256.0,100%,100%,
iPhone 8 plus,1200000.0,,Đã sửa chữa / thay linh kiện,Đã sửa chữa,Việt Nam,64.0,97%,95-96%,Hết bảo hành
iPhone 8 plus,2200000.0,Quốc tế (Không khoá mạng),Đã sử dụng (chưa sửa chữa),Đã sửa chữa,,64.0,98%,97-99%,
iPhone 8 plus,1450000.0,Quốc tế (Không khoá mạng),Đã sử dụng (chưa sửa chữa),Đã sửa chữa,,64.0,95%,90-94%,Hết bảo hành
iPhone 8 plus,2500000.0,Quốc tế (Không khoá mạng),Đã sử dụng (chưa sửa chữa),Đã sửa chữa,,64.0,97%,97-99%,
iPhone 8 plus,1300000.0,Quốc tế (Không khoá mạng),Đã sử dụng (chưa sửa chữa),Đã sửa chữa,,64.0,100%,100%,
iPhone 8 plus,1500000.0,Quốc tế (Không khoá mạng),Đã sử dụng (chưa sửa chữa),Đã sửa chữa,Mỹ (LL/A),64.0,100%,100%,
iPhone 8 plus,1850000.0,Quốc tế (Không khoá mạng),Đã sử dụng (chưa sửa chữa),Đã sửa chữa,Mỹ (LL/A),64.0,97%,95-96%,Hết bảo hành
iPhone 8 plus,2300000.0,Quốc tế (Không khoá mạng),Đã sử dụng (chưa sửa chữa),Đã sửa chữa,,64.0,100%,100%,
iPhone 8 plus,1650000.0,Quốc tế (Không khoá mạng),Đã sử dụng (chưa sửa chữa),"Màn thay, Pin thay",Mỹ (LL/A),64.0,99%,97-99%,
iPhone 8 plus,2200000.0,Quốc tế (Không khoá mạng),Đã sử dụng (chưa sửa chữa),Đã sửa chữa,,256.0,100%,97-99%,
iPhone 8 plus,1300000.0,Quốc tế (Không khoá mạng),Đã sử dụng (chưa sửa chữa),Đã sửa chữa,Mỹ (LL/A),64.0,100%,100%,Hết bảo hành
iPhone 8 plus,1300000.0,Quốc tế (Không khoá mạng),Đã sửa chữa / thay linh kiện,"Màn thay, Pin thay",Mỹ (LL/A),64.0,99%,97-99%,Hết bảo hành
iPhone 8 plus,2200000.0,Quốc tế (Không khoá mạng),Đã sử dụng (chưa sửa chữa),Pin thay,Mỹ (LL/A),64.0,98%,97-99%,
iPhone 8 plus,2150000.0,Quốc tế (Không khoá mạng),Đã sử dụng (chưa sửa chữa),Đã sửa chữa,,256.0,96%,95-96%,
iPhone 8 plus,800000.0,Quốc tế (Không khoá mạng),Đã sửa chữa / thay linh kiện,Màn thay,,64.0,100%,100%,
iPhone 8 plus,1990000.0,Quốc tế (Không khoá mạng),Đã sử dụng (chưa sửa chữa),Đã sửa chữa,,64.0,92%,90-94%,
iPhone Air,19500000.0,Quốc tế (Không khoá mạng),Mới,Zin không trầy xước,Mỹ (LL/A),256.0,100%,100%,Còn bảo hành
iPhone Air,21777000.0,Quốc tế (Không khoá mạng),Mới,Zin không trầy xước,Việt Nam,256.0,100%,100%,>12 tháng
iPhone Air,19500000.0,Quốc tế (Không khoá mạng),Đã sử dụng (chưa sửa chữa),Đã sửa chữa,Việt Nam,256.0,100%,100%,7-12 tháng
iPhone Air,19999000.0,Quốc tế (Không khoá mạng),Đã sử dụng (chưa sửa chữa),Đã sửa chữa,Việt Nam,256.0,100%,100%,4-6 tháng
iPhone Air,19500000.0,Quốc tế (Không khoá mạng),Đã sử dụng (chưa sửa chữa),Đã sửa chữa,Việt Nam,256.0,100%,100%,4-6 tháng
iPhone Air,20500000.0,Quốc tế (Không khoá mạng),Đã sử dụng (chưa sửa chữa),Đã sửa chữa,Mỹ (LL/A),256.0,100%,100%,Hết bảo hành
iPhone Air,19490000.0,Quốc tế (Không khoá mạng),Mới,Zin không trầy xước,Việt Nam,256.0,100%,100%,7-12 tháng
iPhone Air,21990000.0,Quốc tế (Không khoá mạng),Đã sử dụng (chưa sửa chữa),Đã sửa chữa,Việt Nam,256.0,100%,100%,7-12 tháng
iPhone Air,20500000.0,Quốc tế (Không khoá mạng),Đã sử dụng (chưa sửa chữa),Đã sửa chữa,Việt Nam,256.0,100%,100%,7-12 tháng
iPhone Air,18800000.0,,Đã sử dụng (chưa sửa chữa),Đã sửa chữa,Việt Nam,256.0,100%,97-99%,Còn bảo hành
iPhone Air,21899000.0,,Đã sử dụng (chưa sửa chữa),Đã sửa chữa,Việt Nam,256.0,100%,100%,>12 tháng
iPhone Air,21500000.0,Quốc tế (Không khoá mạng),Đã sử dụng (chưa sửa chữa),Đã sửa chữa,Việt Nam,256.0,100%,100%,Còn bảo hành
iPhone Air,19900000.0,Quốc tế (Không khoá mạng),Mới,Zin không trầy xước,Việt Nam,256.0,100%,100%,
iPhone Air,19350000.0,Quốc tế (Không khoá mạng),Đã sử dụng (chưa sửa chữa),Đã sửa chữa,Việt Nam,256.0,100%,97-99%,7-12 tháng
iPhone SE,1750000.0,Quốc tế (Không khoá mạng),Đã sử dụng (chưa sửa chữa),Đã sửa chữa,,64.0,94%,90-94%,Còn bảo hành
iPhone SE,2300000.0,Quốc tế (Không khoá mạng),Đã sử dụng (chưa sửa chữa),Đã sửa chữa,Việt Nam,64.0,98%,97-99%,1 tháng
iPhone SE,1750000.0,Quốc tế (Không khoá mạng),Đã sử dụng (chưa sửa chữa),Đã sửa chữa,,64.0,94%,90-94%,
iPhone SE,1750000.0,Quốc tế (Không khoá mạng),Đã sử dụng (chưa sửa chữa),Đã sửa chữa,,64.0,94%,90-94%,
iPhone SE,1900000.0,,Đã sử dụng (chưa sửa chữa),Đã sửa chữa,,64.0,92%,90-94%,
iPhone SE,1200000.0,Quốc tế (Không khoá mạng),Đã sử dụng (chưa sửa chữa),Đã sửa chữa,,64.0,95%,95-96%,
iPhone SE,1800000.0,Quốc tế (Không khoá mạng),Đã sử dụng (chưa sửa chữa),Pin thay,,64.0,92%,90-94%,
iPhone SE,1800000.0,Quốc tế (Không khoá mạng),Đã sử dụng (chưa sửa chữa),Đã sửa chữa,,64.0,92%,90-94%,Còn bảo hành
iPhone SE,1500000.0,,Đã sửa chữa / thay linh kiện,Màn thay,Mỹ (LL/A),64.0,81%,80-84%,
iPhone SE,1800000.0,Quốc tế (Không khoá mạng),Đã sử dụng (chưa sửa chữa),Đã sửa chữa,,64.0,82%,80-84%,
iPhone SE,1900000.0,Quốc tế (Không khoá mạng),Đã sử dụng (chưa sửa chữa),Đã sửa chữa,,64.0,93%,90-94%,
iPhone SE,2250000.0,Quốc tế (Không khoá mạng),Đã sử dụng (chưa sửa chữa),Đã sửa chữa,,64.0,96%,95-96%,
iPhone SE,2150000.0,,Đã sửa chữa / thay linh kiện,Đã sửa chữa,Mỹ (LL/A),64.0,93%,90-94%,4-6 tháng
iPhone SE,1750000.0,Quốc tế (Không khoá mạng),Đã sử dụng (chưa sửa chữa),Đã sửa chữa,,64.0,94%,90-94%,Còn bảo hành
iPhone SE,2200000.0,,Đã sử dụng (chưa sửa chữa),Đã sửa chữa,,64.0,98%,97-99%,
iPhone SE,2200000.0,Quốc tế (Không khoá mạng),Đã sử dụng (chưa sửa chữa),Đã sửa chữa,,64.0,98%,97-99%,
iPhone SE,2250000.0,,Đã sử dụng (chưa sửa chữa),Đã sửa chữa,,128.0,99%,97-99%,
iPhone SE,1950000.0,Quốc tế (Không khoá mạng),Đã sử dụng (chưa sửa chữa),Đã sửa chữa,,64.0,91%,90-94%,
iPhone SE,2000000.0,Quốc tế (Không khoá mạng),Đã sử dụng (chưa sửa chữa),Pin thay,Nhật Bản,64.0,100%,100%,1 tháng
iPhone SE,2500000.0,Quốc tế (Không khoá mạng),Đã sử dụng (chưa sửa chữa),Đã sửa chữa,Việt Nam,64.0,100%,100%,4-6 tháng
iPhone SE,1950000.0,Quốc tế (Không khoá mạng),Đã sử dụng (chưa sửa chữa),Pin thay,Nhật Bản,64.0,91%,90-94%,
iPhone SE,2250000.0,,Đã sử dụng (chưa sửa chữa),Pin thay,,64.0,100%,100%,
iPhone SE,2300000.0,Quốc tế (Không khoá mạng),Đã sử dụng (chưa sửa chữa),Đã sửa chữa,Nhật Bản,64.0,98%,97-99%,
iPhone SE,1550000.0,Quốc tế (Không khoá mạng),Đã sử dụng (chưa sửa chữa),Đã sửa chữa,Mỹ (LL/A),64.0,100%,100%,
iPhone SE,1800000.0,,Đã sử dụng (chưa sửa chữa),Đã sửa chữa,,64.0,92%,90-94%,
iPhone SE,2400000.0,Quốc tế (Không khoá mạng),Đã sử dụng (chưa sửa chữa),Đã sửa chữa,,256.0,99%,97-99%,Hết bảo hành
iPhone SE,2100000.0,Quốc tế (Không khoá mạng),Mới,Zin không trầy xước,Việt Nam,64.0,92%,90-94%,1 tháng
iPhone SE,2200000.0,Quốc tế (Không khoá mạng),Đã sử dụng (chưa sửa chữa),Đã sửa chữa,Trung Quốc,128.0,99%,97-99%,Hết bảo hành
iPhone SE plus,2579000.0,Quốc tế (Không khoá mạng),Đã sửa chữa / thay linh kiện,Đã sửa chữa,,128.0,97%,97-99%,Còn bảo hành
iPhone X,2600000.0,Quốc tế (Không khoá mạng),Đã sử dụng (chưa sửa chữa),Đã sửa chữa,,256.0,96%,95-96%,
iPhone X,3500000.0,Quốc tế (Không khoá mạng),Đã sử dụng (chưa sửa chữa),Đã sửa chữa,,64.0,97%,95-96%,4-6 tháng
iPhone X,2800000.0,,Đã sử dụng (chưa sửa chữa),Pin thay,,64.0,95%,90-94%,Còn bảo hành
iPhone X,1750000.0,Khóa mạng (Lock),Đã sử dụng (chưa sửa chữa),Màn thay,,64.0,100%,100%,
iPhone X,2000000.0,Quốc tế (Không khoá mạng),Đã sử dụng (chưa sửa chữa),Đã sửa chữa,,64.0,84%,80-84%,
iPhone X,3500000.0,Quốc tế (Không khoá mạng),Đã sử dụng (chưa sửa chữa),Pin thay,,64.0,97%,95-96%,
iPhone X,2300000.0,Quốc tế (Không khoá mạng),Đã sử dụng (chưa sửa chữa),Đã sửa chữa,,64.0,96%,95-96%,
iPhone X,2100000.0,Quốc tế (Không khoá mạng),Đã sử dụng (chưa sửa chữa),Màn thay,,64.0,75%,Dưới 80%,
iPhone X,2000000.0,Quốc tế (Không khoá mạng),Đã sử dụng (chưa sửa chữa),Đã sửa chữa,Mỹ (LL/A),64.0,84%,80-84%,
iPhone X,3000000.0,Quốc tế (Không khoá mạng),Đã sửa chữa / thay linh kiện,Màn thay,Mỹ (LL/A),256.0,99%,97-99%,
iPhone X,2400000.0,Quốc tế (Không khoá mạng),Đã sử dụng (chưa sửa chữa),Pin thay,Chính hãng VN (VNA),256.0,100%,100%,
iPhone X,2399999.0,Quốc tế (Không khoá mạng),Đã sử dụng (chưa sửa chữa),Đã sửa chữa,,256.0,91%,90-94%,Còn bảo hành
iPhone X,1650000.0,,Đã sử dụng (chưa sửa chữa),Đã sửa chữa,,256.0,100%,100%,
iPhone X,2850000.0,Quốc tế (Không khoá mạng),Đã sử dụng (chưa sửa chữa),Đã sửa chữa,,256.0,100%,100%,
iPhone X,2200000.0,Khóa mạng (Lock),Đã sử dụng (chưa sửa chữa),Đã sửa chữa,Mỹ (LL/A),64.0,95%,95-96%,
iPhone X,1750000.0,,Đã sử dụng (chưa sửa chữa),Đã sửa chữa,,64.0,94%,90-94%,
iPhone X,2500000.0,Quốc tế (Không khoá mạng),Đã sử dụng (chưa sửa chữa),Đã sửa chữa,,64.0,94%,90-94%,1 tháng
iPhone X,3850000.0,Quốc tế (Không khoá mạng),Đã sử dụng (chưa sửa chữa),Màn thay,,64.0,98%,97-99%,1 tháng
iPhone X,1500000.0,Quốc tế (Không khoá mạng),Đã sử dụng (chưa sửa chữa),Đã sửa chữa,,64.0,90%,90-94%,
iPhone X,2900000.0,Quốc tế (Không khoá mạng),Đã sử dụng (chưa sửa chữa),Đã sửa chữa,,64.0,97%,95-96%,
iPhone X,3000000.0,Quốc tế (Không khoá mạng),Đã sử dụng (chưa sửa chữa),Đã sửa chữa,,64.0,97%,95-96%,
iPhone X,2050000.0,Quốc tế (Không khoá mạng),Đã sử dụng (chưa sửa chữa),Đã sửa chữa,,64.0,84%,80-84%,
iPhone X,2300000.0,,Đã sử dụng (chưa sửa chữa),Đã sửa chữa,,64.0,100%,100%,1 tháng
iPhone X,2850000.0,Quốc tế (Không khoá mạng),Đã sử dụng (chưa sửa chữa),Pin thay,,256.0,99%,97-99%,
iPhone X,2250000.0,Quốc tế (Không khoá mạng),Đã sử dụng (chưa sửa chữa),Màn thay,,256.0,97%,97-99%,
iPhone X,2200000.0,Quốc tế (Không khoá mạng),Đã sử dụng (chưa sửa chữa),Đã sửa chữa,,64.0,100%,100%,
iPhone X,2800000.0,Quốc tế (Không khoá mạng),Đã sử dụng (chưa sửa chữa),Đã sửa chữa,,64.0,95%,90-94%,Hết bảo hành
iPhone X,3300000.0,Quốc tế (Không khoá mạng),Đã sử dụng (chưa sửa chữa),Đã sửa chữa,Việt Nam,256.0,99%,97-99%,Hết bảo hành
iPhone X,2400000.0,Quốc tế (Không khoá mạng),Đã sử dụng (chưa sửa chữa),Đã sửa chữa,Việt Nam,64.0,88%,85-89%,
iPhone X,1700000.0,,Đã sử dụng (chưa sửa chữa),Đã sửa chữa,,64.0,95%,95-96%,3 tháng
iPhone X,1350000.0,,Đã sử dụng (chưa sửa chữa),Đã sửa chữa,,256.0,92%,90-94%,
iPhone X,2750000.0,Quốc tế (Không khoá mạng),Đã sử dụng (chưa sửa chữa),Đã sửa chữa,Mỹ (LL/A),256.0,98%,97-99%,Còn bảo hành
iPhone X,3400000.0,Quốc tế (Không khoá mạng),Đã sử dụng (chưa sửa chữa),Đã sửa chữa,Việt Nam,64.0,97%,95-96%,
iPhone X,2990000.0,Quốc tế (Không khoá mạng),Đã sử dụng (chưa sửa chữa),Màn thay,,256.0,100%,100%,
iPhone X,2000000.0,Quốc tế (Không khoá mạng),Đã sử dụng (chưa sửa chữa),Đã sửa chữa,Nhật Bản,256.0,90%,90-94%,
iPhone X,1999999.0,Quốc tế (Không khoá mạng),Đã sử dụng (chưa sửa chữa),Màn thay,,64.0,84%,80-84%,Còn bảo hành
iPhone XR,1950000.0,Quốc tế (Không khoá mạng),Đã sử dụng (chưa sửa chữa),Đã sửa chữa,,64.0,77%,Dưới 80%,Hết bảo hành
iPhone XR,2000000.0,Quốc tế (Không khoá mạng),Đã sử dụng (chưa sửa chữa),Đã sửa chữa,,64.0,77%,Dưới 80%,
iPhone XR,3000000.0,Quốc tế (Không khoá mạng),Đã sử dụng (chưa sửa chữa),Đã sửa chữa,Việt Nam,64.0,96%,95-96%,Còn bảo hành
iPhone XR,2600000.0,,Đã sử dụng (chưa sửa chữa),Đã sửa chữa,,64.0,90%,90-94%,
iPhone XR,3400000.0,Quốc tế (Không khoá mạng),Đã sử dụng (chưa sửa chữa),Đã sửa chữa,Nhật Bản,128.0,98%,97-99%,Hết bảo hành
iPhone XR,2500000.0,Quốc tế (Không khoá mạng),Đã sử dụng (chưa sửa chữa),Đã sửa chữa,Việt Nam,64.0,93%,90-94%,
iPhone XR,2500000.0,Khóa mạng (Lock),Đã sử dụng (chưa sửa chữa),Đã sửa chữa,Mỹ (LL/A),64.0,94%,90-94%,Hết bảo hành
iPhone XR,2600000.0,Quốc tế (Không khoá mạng),Đã sử dụng (chưa sửa chữa),Đã sửa chữa,,64.0,83%,80-84%,Hết bảo hành
iPhone XR,2500000.0,Quốc tế (Không khoá mạng),Đã sử dụng (chưa sửa chữa),Đã sửa chữa,,64.0,93%,90-94%,
iPhone XR,2400000.0,Quốc tế (Không khoá mạng),Đã sử dụng (chưa sửa chữa),Đã sửa chữa,,64.0,100%,100%,
iPhone XR,2999000.0,Quốc tế (Không khoá mạng),Đã sử dụng (chưa sửa chữa),Pin thay,Chính hãng VN (VNA),64.0,100%,100%,1 tháng
iPhone XR,4000000.0,,Đã sử dụng (chưa sửa chữa),Đã sửa chữa,Mỹ (LL/A),64.0,98%,97-99%,>12 tháng
iPhone XR,3250000.0,Quốc tế (Không khoá mạng),Đã sử dụng (chưa sửa chữa),Đã sửa chữa,,64.0,96%,95-96%,Còn bảo hành
iPhone XR,4590000.0,,Đã sử dụng (chưa sửa chữa),Pin thay,,128.0,98%,97-99%,4-6 tháng
iPhone XR,3500000.0,Quốc tế (Không khoá mạng),Đã sử dụng (chưa sửa chữa),Pin thay,,64.0,100%,100%,3 tháng
iPhone XR,3500000.0,Quốc tế (Không khoá mạng),Đã sử dụng (chưa sửa chữa),Đã sửa chữa,,128.0,98%,97-99%,
iPhone XR,4139999.0,,Đã sử dụng (chưa sửa chữa),Pin thay,Trung Quốc,128.0,100%,100%,Hết bảo hành
iPhone XR,2300000.0,Quốc tế (Không khoá mạng),Đã sử dụng (chưa sửa chữa),Đã sửa chữa,,64.0,78%,Dưới 80%,
iPhone XR,2500000.0,,Đã sử dụng (chưa sửa chữa),Đã sửa chữa,,64.0,93%,90-94%,
iPhone XR,2700000.0,Quốc tế (Không khoá mạng),Đã sử dụng (chưa sửa chữa),Đã sửa chữa,,64.0,92%,90-94%,
iPhone XR,2600000.0,,Đã sử dụng (chưa sửa chữa),Đã sửa chữa,,64.0,90%,90-94%,
iPhone XR,2700000.0,Quốc tế (Không khoá mạng),Đã sử dụng (chưa sửa chữa),Đã sửa chữa,Chính hãng VN (VNA),64.0,92%,90-94%,Còn bảo hành
iPhone XR,1900000.0,Khóa mạng (Lock),Đã sử dụng (chưa sửa chữa),Đã sửa chữa,Mỹ (LL/A),64.0,100%,100%,
iPhone XR,2890000.0,Quốc tế (Không khoá mạng),Đã sử dụng (chưa sửa chữa),Đã sửa chữa,,64.0,94%,90-94%,
iPhone XS,3200000.0,Quốc tế (Không khoá mạng),Đã sử dụng (chưa sửa chữa),Đã sửa chữa,Nhật Bản,64.0,100%,100%,
iPhone XS,2300000.0,Quốc tế (Không khoá mạng),Đã sử dụng (chưa sửa chữa),Đã sửa chữa,,64.0,82%,80-84%,Còn bảo hành
iPhone XS,1900000.0,Quốc tế (Không khoá mạng),Đã sử dụng (chưa sửa chữa),Đã sửa chữa,,64.0,89%,85-89%,
iPhone XS,4000000.0,Quốc tế (Không khoá mạng),Đã sử dụng (chưa sửa chữa),Pin thay,Mỹ (LL/A),64.0,100%,100%,3 tháng
iPhone XS,2650000.0,Quốc tế (Không khoá mạng),Đã sử dụng (chưa sửa chữa),Pin thay,Mỹ (LL/A),64.0,100%,100%,
iPhone XS,3000000.0,Quốc tế (Không khoá mạng),Đã sử dụng (chưa sửa chữa),Đã sửa chữa,,256.0,100%,100%,
iPhone XS,2300000.0,Quốc tế (Không khoá mạng),Đã sử dụng (chưa sửa chữa),Pin thay,Mỹ (LL/A),64.0,100%,100%,
iPhone XS,2450000.0,Quốc tế (Không khoá mạng),Đã sử dụng (chưa sửa chữa),Màn thay,,128.0,97%,95-96%,4-6 tháng
iPhone XS,2600000.0,,Đã sử dụng (chưa sửa chữa),Đã sửa chữa,,64.0,93%,90-94%,
iPhone XS,2499000.0,Quốc tế (Không khoá mạng),Đã sử dụng (chưa sửa chữa),Màn thay,Mỹ (LL/A),64.0,95%,90-94%,
iPhone XS,1800000.0,Quốc tế (Không khoá mạng),Đã sử dụng (chưa sửa chữa),Màn thay,,64.0,88%,85-89%,
iPhone XS,2150000.0,Quốc tế (Không khoá mạng),Đã sử dụng (chưa sửa chữa),Màn thay,Nhật Bản,64.0,86%,85-89%,Hết bảo hành
iPhone XS,2800000.0,Quốc tế (Không khoá mạng),Đã sử dụng (chưa sửa chữa),Đã sửa chữa,Mỹ (LL/A),256.0,97%,97-99%,
iPhone XS,3990000.0,Quốc tế (Không khoá mạng),Đã sử dụng (chưa sửa chữa),Đã sửa chữa,Mỹ (LL/A),64.0,100%,100%,3 tháng
iPhone XS,3990000.0,Quốc tế (Không khoá mạng),Đã sử dụng (chưa sửa chữa),Đã sửa chữa,Mỹ (LL/A),64.0,100%,100%,3 tháng
iPhone XS,2800000.0,Quốc tế (Không khoá mạng),Đã sử dụng (chưa sửa chữa),Đã sửa chữa,,64.0,96%,95-96%,
iPhone XS,2999999.0,Quốc tế (Không khoá mạng),Đã sử dụng (chưa sửa chữa),Đã sửa chữa,,64.0,97%,97-99%,
iPhone XS,2800000.0,Quốc tế (Không khoá mạng),Đã sử dụng (chưa sửa chữa),Đã sửa chữa,Nhật Bản,64.0,94%,90-94%,
iPhone XS,1750000.0,Quốc tế (Không khoá mạng),Đã sử dụng (chưa sửa chữa),Đã sửa chữa,Trung Quốc,64.0,90%,85-89%,Hết bảo hành
iPhone XS,2990000.0,Quốc tế (Không khoá mạng),Đã sử dụng (chưa sửa chữa),Đã sửa chữa,,64.0,98%,97-99%,Còn bảo hành
iPhone XS,3800000.0,Quốc tế (Không khoá mạng),Đã sử dụng (chưa sửa chữa),Đã sửa chữa,,256.0,100%,100%,3 tháng
iPhone XS,3200000.0,Quốc tế (Không khoá mạng),Đã sử dụng (chưa sửa chữa),Đã sửa chữa,,64.0,98%,97-99%,
iPhone XS,1800000.0,,Đã sử dụng (chưa sửa chữa),Đã sửa chữa,,64.0,83%,80-84%,
iPhone XS,2200000.0,Quốc tế (Không khoá mạng),Đã sửa chữa / thay linh kiện,Đã sửa chữa,Mỹ (LL/A),64.0,100%,100%,1 tháng
iPhone XS,4700000.0,,Đã sử dụng (chưa sửa chữa),Đã sửa chữa,Việt Nam,256.0,92%,90-94%,
iPhone XS,4500000.0,Quốc tế (Không khoá mạng),Đã sử dụng (chưa sửa chữa),Đã sửa chữa,Mỹ (LL/A),256.0,100%,100%,
iPhone XS,3500000.0,Quốc tế (Không khoá mạng),Đã sử dụng (chưa sửa chữa),Đã sửa chữa,Mỹ (LL/A),64.0,100%,100%,
iPhone XS,3900000.0,Quốc tế (Không khoá mạng),Đã sử dụng (chưa sửa chữa),Đã sửa chữa,,64.0,99%,97-99%,Hết bảo hành
iPhone XS,2400000.0,Quốc tế (Không khoá mạng),Đã sử dụng (chưa sửa chữa),Pin thay,Mỹ (LL/A),64.0,94%,90-94%,
iPhone XS Max,3500000.0,Quốc tế (Không khoá mạng),Đã sử dụng (chưa sửa chữa),"Màn thay, Cam thay",Chính hãng VN (VNA),64.0,100%,100%,4-6 tháng
iPhone XS Max,3700000.0,Quốc tế (Không khoá mạng),Đã sử dụng (chưa sửa chữa),Màn thay,,64.0,89%,85-89%,
iPhone XS Max,4100000.0,,Đã sử dụng (chưa sửa chữa),Pin thay,,64.0,96%,95-96%,
iPhone XS Max,3300000.0,Quốc tế (Không khoá mạng),Đã sử dụng (chưa sửa chữa),Pin thay,Mỹ (LL/A),64.0,91%,90-94%,Hết bảo hành
iPhone XS Max,5950000.0,,Đã sử dụng (chưa sửa chữa),Pin thay,Nhật Bản,256.0,100%,100%,4-6 tháng
iPhone XS Max,5500000.0,Quốc tế (Không khoá mạng),Đã sử dụng (chưa sửa chữa),Đã sửa chữa,Mỹ (LL/A),64.0,98%,97-99%,Hết bảo hành
iPhone XS Max,5200000.0,Quốc tế (Không khoá mạng),Đã sử dụng (chưa sửa chữa),Đã sửa chữa,Mỹ (LL/A),256.0,99%,97-99%,Hết bảo hành
iPhone XS Max,6200000.0,Quốc tế (Không khoá mạng),Đã sử dụng (chưa sửa chữa),Đã sửa chữa,Mỹ (LL/A),512.0,99%,97-99%,7-12 tháng
iPhone XS Max,3500000.0,Quốc tế (Không khoá mạng),Đã sử dụng (chưa sửa chữa),Pin thay,Mỹ (LL/A),256.0,100%,100%,
iPhone XS Max,3250000.0,Quốc tế (Không khoá mạng),Đã sử dụng (chưa sửa chữa),Đã sửa chữa,,256.0,88%,85-89%,Còn bảo hành
iPhone XS Max,3000000.0,Quốc tế (Không khoá mạng),Đã sử dụng (chưa sửa chữa),Màn thay,,64.0,92%,90-94%,Còn bảo hành
iPhone XS Max,3900000.0,Quốc tế (Không khoá mạng),Đã sử dụng (chưa sửa chữa),Đã sửa chữa,,256.0,98%,97-99%,Còn bảo hành
iPhone XS Max,3450000.0,,Đã sử dụng (chưa sửa chữa),Pin thay,,64.0,91%,90-94%,
iPhone XS Max,4500000.0,,Đã sử dụng (chưa sửa chữa),Đã sửa chữa,Mỹ (LL/A),256.0,100%,97-99%,Hết bảo hành
iPhone XS Max,5200000.0,Quốc tế (Không khoá mạng),Đã sử dụng (chưa sửa chữa),Đã sửa chữa,Chính hãng VN (VNA),64.0,98%,97-99%,Còn bảo hành
iPhone XS Max,2000000.0,Quốc tế (Không khoá mạng),Đã sử dụng (chưa sửa chữa),"Màn thay, Pin thay",,64.0,83%,80-84%,Hết bảo hành
iPhone XS Max,3950000.0,Quốc tế (Không khoá mạng),Đã sử dụng (chưa sửa chữa),Pin thay,Mỹ (LL/A),64.0,94%,90-94%,1 tháng
iPhone XS Max,2999999.0,Quốc tế (Không khoá mạng),Đã sử dụng (chưa sửa chữa),Đã sửa chữa,Mỹ (LL/A),64.0,92%,90-94%,Hết bảo hành
iPhone XS Max,4200000.0,Quốc tế (Không khoá mạng),Đã sử dụng (chưa sửa chữa),Đã sửa chữa,,256.0,99%,97-99%,1 tháng
iPhone XS Max,2700000.0,Quốc tế (Không khoá mạng),Đã sử dụng (chưa sửa chữa),Pin thay,,64.0,95%,95-96%,
iPhone XS Max,3500000.0,Quốc tế (Không khoá mạng),Đã sử dụng (chưa sửa chữa),Đã sửa chữa,Mỹ (LL/A),64.0,91%,90-94%,Hết bảo hành
iPhone XS Max,3650000.0,Quốc tế (Không khoá mạng),Đã sử dụng (chưa sửa chữa),Đã sửa chữa,Mỹ (LL/A),64.0,89%,85-89%,
iPhone XS Max,3600000.0,Quốc tế (Không khoá mạng),Đã sử dụng (chưa sửa chữa),Đã sửa chữa,Mỹ (LL/A),256.0,95%,90-94%,
iPhone XS Max,2990000.0,Khóa mạng (Lock),Đã sử dụng (chưa sửa chữa),Màn thay,Mỹ (LL/A),256.0,100%,100%,
iPhone XS Max,4500000.0,,Đã sử dụng (chưa sửa chữa),Đã sửa chữa,Chính hãng VN (VNA),128.0,100%,100%,7-12 tháng
iPhone XS Max,3750000.0,Quốc tế (Không khoá mạng),Đã sử dụng (chưa sửa chữa),Đã sửa chữa,,256.0,95%,90-94%,
iPhone XS Max,3500000.0,,Đã sử dụng (chưa sửa chữa),Pin thay,,64.0,91%,90-94%,
iPhone XS Max,3490000.0,Quốc tế (Không khoá mạng),Đã sử dụng (chưa sửa chữa),Đã sửa chữa,,64.0,92%,90-94%,7-12 tháng
iPhone XS Max,3100000.0,Quốc tế (Không khoá mạng),Đã sử dụng (chưa sửa chữa),Đã sửa chữa,,64.0,91%,90-94%,
iPhone XS Max,3800000.0,Quốc tế (Không khoá mạng),Đã sử dụng (chưa sửa chữa),Đã sửa chữa,,256.0,96%,95-96%,1 tháng
iPhone XS Max,3400000.0,Quốc tế (Không khoá mạng),Đã sử dụng (chưa sửa chữa),Đã sửa chữa,,256.0,93%,90-94%,1 tháng
iPhone XS Max,3350000.0,Khóa mạng (Lock),Đã sử dụng (chưa sửa chữa),Đã sửa chữa,,256.0,92%,90-94%,
iPhone XS Max,3700000.0,Quốc tế (Không khoá mạng),Đã sử dụng (chưa sửa chữa),Đã sửa chữa,Mỹ (LL/A),64.0,84%,80-84%,1 tháng
iPhone XS Max,2300000.0,Quốc tế (Không khoá mạng),Đã sử dụng (chưa sửa chữa),Màn thay,,64.0,96%,95-96%,
iPhone XS Max,4490000.0,Quốc tế (Không khoá mạng),Đã sử dụng (chưa sửa chữa),Pin thay,Mỹ (LL/A),256.0,100%,100%,
iPhone XS Max,4990000.0,Quốc tế (Không khoá mạng),Đã sử dụng (chưa sửa chữa),Đã sửa chữa,,64.0,100%,100%,4-6 tháng
iPhone XS Max,3000000.0,Khóa mạng (Lock),Đã sử dụng (chưa sửa chữa),Đã sửa chữa,,64.0,92%,90-94%,
iPhone XS Max,3800000.0,Quốc tế (Không khoá mạng),Đã sử dụng (chưa sửa chữa),Màn thay,,64.0,91%,90-94%,
iPhone XS Max,3200000.0,,Đã sử dụng (chưa sửa chữa),Pin thay,,256.0,92%,90-94%,
iPhone XS Max,2700000.0,Khóa mạng (Lock),Đã sử dụng (chưa sửa chữa),Đã sửa chữa,,64.0,95%,95-96%,
iPhone XS Max,3200000.0,Quốc tế (Không khoá mạng),Đã sử dụng (chưa sửa chữa),Đã sửa chữa,,128.0,90%,90-94%,Còn bảo hành
iPhone XS Max,2500000.0,Khóa mạng (Lock),Đã sử dụng (chưa sửa chữa),Pin thay,,64.0,96%,95-96%,
iPhone XS Max,4600000.0,Quốc tế (Không khoá mạng),Đã sử dụng (chưa sửa chữa),Đã sửa chữa,,64.0,87%,85-89%,
iPhone XS Max,4380000.0,,Đã sử dụng (chưa sửa chữa),Đã sửa chữa,,64.0,100%,100%,Còn bảo hành
iPhone XS Max,3500000.0,Quốc tế (Không khoá mạng),Đã sử dụng (chưa sửa chữa),Đã sửa chữa,,64.0,90%,90-94%,
iPhone XS Max,4500000.0,Quốc tế (Không khoá mạng),Đã sửa chữa / thay linh kiện,Đã sửa chữa,,256.0,100%,97-99%,
iPhone XS Max,2999999.0,Quốc tế (Không khoá mạng),Đã sử dụng (chưa sửa chữa),Pin thay,Mỹ (LL/A),64.0,92%,90-94%,Hết bảo hành
iPhone XS Max,5950000.0,Quốc tế (Không khoá mạng),Đã sử dụng (chưa sửa chữa),"Màn thay, Pin thay",,256.0,99%,97-99%,1 tháng
iPhone XS Max,3950000.0,Quốc tế (Không khoá mạng),Đã sử dụng (chưa sửa chữa),Đã sửa chữa,,64.0,96%,95-96%,
iPhone XS Max,2999000.0,Quốc tế (Không khoá mạng),Đã sử dụng (chưa sửa chữa),Đã sửa chữa,Mỹ (LL/A),256.0,96%,95-96%,
iPhone XS Max,3300000.0,Quốc tế (Không khoá mạng),Đã sử dụng (chưa sửa chữa),Đã sửa chữa,,64.0,91%,90-94%,
iPhone XS Max,2950000.0,Quốc tế (Không khoá mạng),Đã sửa chữa / thay linh kiện,Màn thay,,64.0,94%,90-94%,Còn bảo hành
iPhone XS Max,3000000.0,Quốc tế (Không khoá mạng),Đã sử dụng (chưa sửa chữa),Đã sửa chữa,Việt Nam,64.0,92%,90-94%,
iPhone XS Max,2760000.0,Quốc tế (Không khoá mạng),Đã sử dụng (chưa sửa chữa),"Màn thay, Pin thay",,64.0,95%,95-96%,
iPhone XS Max,3555555.0,,Đã sử dụng (chưa sửa chữa),Màn thay,,256.0,95%,90-94%,
iPhone XS Max,5000000.0,Quốc tế (Không khoá mạng),Đã sử dụng (chưa sửa chữa),Pin thay,Mỹ (LL/A),64.0,100%,100%,3 tháng
iPhone XS Max,4900000.0,,Đã sử dụng (chưa sửa chữa),Đã sửa chữa,,64.0,98%,97-99%,7-12 tháng
iPhone XS Max,3999000.0,,Đã sử dụng (chưa sửa chữa),Đã sửa chữa,,512.0,99%,97-99%,
iPhone XS Max,3800000.0,Quốc tế (Không khoá mạng),Đã sử dụng (chưa sửa chữa),Đã sửa chữa,,64.0,91%,90-94%,
iPhone XS Max,4000000.0,Quốc tế (Không khoá mạng),Đã sử dụng (chưa sửa chữa),Đã sửa chữa,Mỹ (LL/A),256.0,99%,97-99%,1 tháng
iPhone XS Max,4600000.0,Quốc tế (Không khoá mạng),Đã sử dụng (chưa sửa chữa),Đã sửa chữa,,256.0,100%,100%,
iPhone XS Max,2200000.0,Quốc tế (Không khoá mạng),Mới,Zin không trầy xước,Việt Nam,64.0,94%,90-94%,Còn bảo hành
iPhone XS Max,4800000.0,Quốc tế (Không khoá mạng),Đã sử dụng (chưa sửa chữa),Đã sửa chữa,,64.0,95%,95-96%,
iPhone XS Max,3900000.0,,Đã sử dụng (chưa sửa chữa),Đã sửa chữa,,64.0,94%,90-94%,
iPhone XS Max,3300000.0,Quốc tế (Không khoá mạng),Đã sử dụng (chưa sửa chữa),Đã sửa chữa,Mỹ (LL/A),64.0,91%,90-94%,
iPhone XS Max,3300000.0,Quốc tế (Không khoá mạng),Đã sử dụng (chưa sửa chữa),Đã sửa chữa,,256.0,91%,90-94%,
iPhone XS Max,3600000.0,Quốc tế (Không khoá mạng),Đã sử dụng (chưa sửa chữa),Đã sửa chữa,,64.0,88%,85-89%,
iPhone XS Max,3800000.0,Quốc tế (Không khoá mạng),Đã sử dụng (chưa sửa chữa),"Màn thay, Pin thay",,256.0,96%,95-96%,
iPhone XS Max,4750000.0,Quốc tế (Không khoá mạng),Đã sử dụng (chưa sửa chữa),Đã sửa chữa,,256.0,97%,97-99%,
iPhone XS Max,1800000.0,Quốc tế (Không khoá mạng),Đã sử dụng (chưa sửa chữa),Đã sửa chữa,,128.0,90%,90-94%,
iPhone XS Max,2500000.0,Quốc tế (Không khoá mạng),Đã sử dụng (chưa sửa chữa),Đã sửa chữa,Mỹ (LL/A),256.0,97%,95-96%,
iPhone XS Max,1600000.0,Khóa mạng (Lock),Đã sử dụng (chưa sửa chữa),Đã sửa chữa,,64.0,91%,90-94%,
iPhone XS Max,2500000.0,Quốc tế (Không khoá mạng),Đã sửa chữa / thay linh kiện,Đã sửa chữa,Mỹ (LL/A),64.0,96%,95-96%,1 tháng
iPhone XS Max,2450000.0,Quốc tế (Không khoá mạng),Đã sử dụng (chưa sửa chữa),Đã sửa chữa,Mỹ (LL/A),64.0,100%,100%,Hết bảo hành
iPhone XS Max,3300000.0,Quốc tế (Không khoá mạng),Đã sử dụng (chưa sửa chữa),Đã sửa chữa,Mỹ (LL/A),64.0,91%,90-94%,
iPhone XS Max,2700000.0,Quốc tế (Không khoá mạng),Đã sử dụng (chưa sửa chữa),Đã sửa chữa,Mỹ (LL/A),256.0,96%,95-96%,Hết bảo hành
iPhone XS Max,3999999.0,Quốc tế (Không khoá mạng),Đã sử dụng (chưa sửa chữa),Đã sửa chữa,Mỹ (LL/A),8.0,93%,90-94%,Còn bảo hành
iPhone XS Max,4000000.0,Quốc tế (Không khoá mạng),Đã sử dụng (chưa sửa chữa),Màn thay,,64.0,95%,95-96%,
iPhone XS Max,4800000.0,Quốc tế (Không khoá mạng),Đã sử dụng (chưa sửa chữa),Đã sửa chữa,Mỹ (LL/A),256.0,98%,97-99%,
iPhone XS Max,4000000.0,,Đã sử dụng (chưa sửa chữa),Pin thay,,64.0,95%,95-96%,
iPhone XS Max,3000000.0,,Đã sử dụng (chưa sửa chữa),Pin thay,,64.0,92%,90-94%,
iPhone XS Max,3678000.0,,Đã sử dụng (chưa sửa chữa),Đã sửa chữa,,64.0,89%,85-89%,7-12 tháng
iPhone XS Max,3500000.0,Quốc tế (Không khoá mạng),Đã sử dụng (chưa sửa chữa),Đã sửa chữa,,64.0,82%,80-84%,1 tháng
iPhone XS Max,4950000.0,Quốc tế (Không khoá mạng),Đã sử dụng (chưa sửa chữa),Đã sửa chữa,,256.0,99%,97-99%,1 tháng
iPhone XS Max,2500000.0,Quốc tế (Không khoá mạng),Đã sử dụng (chưa sửa chữa),Màn thay,,64.0,96%,95-96%,
